EIS.Number,File_Name
20130004,20130004_noaa_4766_DS1.pdf
20130006,20130006_ML12307A172.pdf
20130006,20130006_ML12307A176.pdf
20130006,20130006_ML12307A177_AppendixE.pdf
20130006,20130006_ML12347A202_AppendixF-M.pdf
20130008,20130008_PIN_10419-BLUE_RIDGE_PARKWAY_FINAL_GENERAL_MANAGEMENT_PLAN_-_ENVIRONMENTAL_IMPACT_STATEMENT.pdf
20130009,20130009_HAVO_Final_EIS_01_11_2013.pdf
20130023,20130023_exchange_contractors_2013_feis_feir.pdf
20130026,20130026_EARIP_HCP_FEIS.pdf
20130036,20130036_EIS-0426_FEIS-Summary.pdf
20130036,20130036_EIS-0426_FEIS-Volume_1-Chapters.pdf
20130036,20130036_EIS-0426_FEIS-Volume_2-Appendices.pdf
20130036,20130036_EIS-0426_FEIS-Volume_3-CRD.pdf
20130066,20130066_Vol_II_(Complete).pdf
20130066,20130066_Vol._I_(Complete).pdf
20130085,20130085_Appendix_A_Part_1_Scoping_Report.pdf
20130085,20130085_Appendix_A_Part_2_Scoping_Report.pdf
20130085,20130085_Appendix_A_Part_3_Scoping_Report.pdf
20130085,20130085_Appendix_B_Part_1_Vegetation_and_Wildlife.pdf
20130085,20130085_Appendix_B_Part_2_Vegetation_and_Wildlife.pdf
20130085,20130085_Appendix_B_Part_3_Vegetation_and_Wildlife.pdf
20130085,20130085_Appendix_C_Vegetation_Change_Analysis.pdf
20130085,20130085_Appendix_D_Water_Quality_Technical_Report.pdf
20130085,20130085_Appendix_E_Part_1_Recreation_Study_Report.pdf
20130085,20130085_Appendix_E_Part_2_Recreation_Study_Report.pdf
20130085,20130085_Appendix_E_Part_3_Recreation_Study_Report.pdf
20130085,20130085_Appendix_E_Part_4_Recreation_Study_Report.pdf
20130085,20130085_Appendix_E_Part_5_Recreation_Study_Report.pdf
20130085,20130085_Appendix_E_Part_6_Recreation_Study_Report.pdf
20130085,20130085_Appendix_F_Part_1_Visual_and_Aesthetics.pdf
20130085,20130085_Appendix_F_Part_2_Visual_and_Aesthetics.pdf
20130085,20130085_Appendix_F_Part_3_Visual_and_Aesthetics.pdf
20130085,20130085_Appendix_G_Cultural_Resources.pdf
20130085,20130085_Appendix_H_Resources_Not_Impacted.pdf
20130085,20130085_Appendix_I_Comment_Responses.pdf
20130085,20130085_Appendix_J_Part_1_Public_Comments.pdf
20130085,20130085_Appendix_J_Part_2_Public_Comments.pdf
20130085,20130085_Appendix_J_Part_3_Public_Comments.pdf
20130085,20130085_Appendix_J_Part_4_Public_Comments.pdf
20130085,20130085_Appendix_K_Agency_Comments.pdf
20130085,20130085_Appendix_L_Master_Plan_Figures_Preferred_Alternative.pdf
20130085,20130085_Final_EIS_Part_1_Cover_Executive_Summary.pdf
20130085,20130085_Final_EIS_Part_2_Chapter_1.pdf
20130085,20130085_Final_EIS_Part_3_Chapter_2_Description_of_Alternatives_Pages_1-30.pdf
20130085,20130085_Final_EIS_Part_4_Chapter_2_Description_of_Alternatives_Pages_31-53.pdf
20130085,20130085_Final_EIS_Part_5_Chapter_2_Description_of_Alternatives_Pages_54-83.pdf
20130085,20130085_Final_EIS_Part_6_Chapter_2_Description_of_Alternatives_Pages_84-100.pdf
20130085,20130085_Final_EIS_Part_7_Chapter_3_Affected_Environment.pdf
20130085,20130085_Final_EIS_Part_8_Chapter_4_Environmental_Consequences.pdf
20130085,20130085_Final_EIS_Part_9_Chapters_5-11.pdf
20130090,20130090_Eagle-Rock-Aggregates-Terminal-Project-FEIR_FEIS-040113.pdf
20130177,20130177_73635_FSPLT3_1425067.pdf
20130177,20130177_73635_FSPLT3_1425155.pdf
20130186,20130186_EIS-0400_F_Volume_1.pdf
20130186,20130186_EIS-0400_F_Volume_2.pdf
20130190,20130190_11_Chap_5.0_Review.pdf
20130211,20130211_Naval_Support_Activity_Bethesda_Draft_Installation_Master_Plan_FEIS_Appendices_MP059_Nov2013.pdf
20130211,20130211_Naval_Support_Activity_Bethesda_Draft_Installation_Master_Plan_Project_FEIS_MP059_Oct2013.pdf
20130232,20130232_AppendixAagency.pdf
20130232,20130232_AppendixAlocalPublic.pdf
20130232,20130232_AppendixBCD.pdf
20130232,20130232_AppendixE-VDHR.pdf
20130232,20130232_AppendixE106.pdf
20130232,20130232_AppendixFGHIJ.pdf
20130232,20130232_Chapter1.pdf
20130232,20130232_Chapter2.pdf
20130232,20130232_Chapter3_1-6.pdf
20130232,20130232_Chapter3_7-14.pdf
20130232,20130232_Chapter4.pdf
20130232,20130232_Chapter5.pdf
20130232,20130232_Chapter6.pdf
20130232,20130232_Chapter7.pdf
20130232,20130232_Chapter8.pdf
20130232,20130232_Chapter9.pdf
20130232,20130232_ES-TOC.pdf
20130272,20130272_69182_FSPLT3_1452685.pdf
20130272,20130272_69182_FSPLT3_1452687.pdf
20130272,20130272_69182_FSPLT3_1452688.pdf
20130272,20130272_69182_FSPLT3_1452689.pdf
20130287,20130287_stelprd3826556.pdf
20130287,20130287_stelprdb5436506.pdf
20130333,20130333_93998_FSPLT3_1458352.pdf
20130335,20130335_Abstract.pdf
20130335,20130335_Appendix_1A_-_ROW_Application_and_Plan_of_Development.pdf
20130335,20130335_Appendix_2A_-_Waste_Rock_Management_Plan.pdf
20130335,20130335_Appendix_2B_-_Stormwater_Management_Plan.pdf
20130335,20130335_Appendix_2C_-_Petroleum_Contaminated_Soil_Management_Plan.pdf
20130335,20130335_Appendix_2D_-_Groundwater_Monitoring_Plan.pdf
20130335,20130335_Appendix_3A_-_Water_Rights_Table.pdf
20130335,20130335_Appendix_3B_-_Cultural_Programmatic_Agreement.pdf
20130335,20130335_Appendix_3C_-_Visual_Simulations.pdf
20130335,20130335_Appendix_3D_-_Visual_Contrast_Rating_Worksheets.pdf
20130335,20130335_Appendix_4A_-_Bird_and_Bat_Conservation_Strategy.pdf
20130335,20130335_Appendix_4B_-_Resource_Mitigation_Plan.pdf
20130335,20130335_Appendix_7A_-_DEIS_Public_Comments_Number_1-50.pdf
20130335,20130335_Appendix_7A_-_DEIS_Public_Comments_Number_101-140.pdf
20130335,20130335_Appendix_7A_-_DEIS_Public_Comments_Number_141-170.pdf
20130335,20130335_Appendix_7A_-_DEIS_Public_Comments_Number_171-200.pdf
20130335,20130335_Appendix_7A_-_DEIS_Public_Comments_Number_201-250.pdf
20130335,20130335_Appendix_7A_-_DEIS_Public_Comments_Number_251-299.pdf
20130335,20130335_Appendix_7A_-_DEIS_Public_Comments_Table.pdf
20130335,20130335_Chapter_2_-_Figures.pdf
20130335,20130335_Chapter_2_-_Proposed_Action_and_Alternatives.pdf
20130335,20130335_Chapter_3_-_Affected_Environment.pdf
20130335,20130335_Chapter_3_-_Figures.pdf
20130335,20130335_Chapter_4_-_Environmental_Consequences.pdf
20130335,20130335_Chapter_5_-_Figures.pdf
20130335,20130335_Chapter_6_-_Consulation_and_Coordination.pdf
20130335,20130335_Chapter_7_-_Public_Comments_and_Responses_on_the_DEIS.pdf
20130335,"20130335_Chapter_8_-_References,_Glossary,_and_Index.pdf"
20130335,20130335_Cover_Page.pdf
20130335,20130335_Executive_Summary.pdf
20130335,20130335_Pan_Mine_Project_Final_EIS_Interested_Party_Letter.pdf
20130335,20130335_Table_of_Contents.pdf
20130362,20130362_21492_FSPLT3_1463653.pdf
20130362,20130362_21492_FSPLT3_1463654.pdf
20130362,20130362_21492_FSPLT3_1463655.pdf
20130362,20130362_21492_FSPLT3_1463656.pdf
20130362,20130362_21492_FSPLT3_1463657.pdf
20130362,20130362_21492_FSPLT3_1463658.pdf
20130362,20130362_21492_FSPLT3_1463659.pdf
20130362,20130362_21492_FSPLT3_1463660.pdf
20130362,20130362_21492_FSPLT3_1463661.pdf
20130362,20130362_21492_FSPLT3_1463662.pdf
20130362,20130362_21492_FSPLT3_1463663.pdf
20130362,20130362_21492_FSPLT3_1463664.pdf
20130362,20130362_21492_FSPLT3_1463665.pdf
20130362,20130362_21492_FSPLT3_1463666.pdf
20130362,20130362_21492_FSPLT3_1463667.pdf
20130364,20130364_57616_FSPLT3_1463885.pdf
20130364,20130364_57616_FSPLT3_1463886.pdf
20130380,20130380_41943_FSPLT3_1603597.pdf
20140003,20140003_Comal_County_RHCP_EIS.pdf
20140020,"20140020_Draft_EIS_Disposition_of_Hangars_2_and_3_Fort_Wainwright,_Alaska.pdf"
20140049,20140049_91948_FSPLT3_1423274.pdf
20140049,20140049_91948_FSPLT3_1423280.pdf
20140049,20140049_91948_FSPLT3_1616833.pdf
20140052,20140052_C_1.0_Introduction_final.pdf
20140052,20140052_D_2.0_Proposed_Action_and_Alternatives_final.pdf
20140052,20140052_E_3.0_Description_of_the_Affected_Environment_final.pdf
20140052,20140052_F_4.0_Environmental_Consequences_final.pdf
20140052,20140052_G_5.0_Consultation_and_Coordination_final.pdf
20140066,20140066_01_Cvr_Letter_Abstract_Exec-Sum_Acronyms_TOC.pdf
20140066,20140066_02_Chapter_1_Introduction.pdf
20140066,20140066_03_Chapter_2_Alternatives.pdf
20140066,20140066_04_Chapter_3_Affected-Environment_14-24Reduced.pdf
20140066,20140066_05_Chapter_4_Consultation-and-Coordination.pdf
20140066,20140066_06_Chapter_5_List-of-Preparers.pdf
20140066,20140066_07_Chapter_6_References.pdf
20140066,20140066_08_Appendices.pdf
20140066,20140066_a_Final_EIS_Arturo_January_2014.pdf
20140066,20140066_b_Appendix_A_Final_EIS_Arturo_January_2014.pdf
20140066,20140066_c_Appendix_B_Final_EIS_Arturo_January_2014.pdf
20140081,20140081_EastReservoir_DEIS.pdf
20140100,20140100_02_Abstract_508.pdf
20140100,20140100_03_Exec_Summary_508.pdf
20140100,20140100_04_TOC-Acronyms_508.pdf
20140100,20140100_05_Chapter_1_508.pdf
20140100,20140100_06_Chapter_2_508.pdf
20140100,20140100_07_Chapter_3_Affected_Environment_508.pdf
20140100,20140100_08_Chapter_4_Environmental_Consequences_508.pdf
20140100,20140100_09_Chapter_5_Coordination_508.pdf
20140100,20140100_10_Chapter_6_References_508.pdf
20140100,20140100_11_Chapter_7_Glossary_508.pdf
20140100,20140100_12_Appendix_A.1.pdf
20140100,20140100_13_Appendix_A.2.pdf
20140100,20140100_14_Appendix_A.3.pdf
20140100,20140100_15_Appendix_A.4.pdf
20140100,20140100_16_Appendix_A_Key_to_Travel_Management_Zones.pdf
20140100,20140100_17_Appendix_A.5.pdf
20140138,20140138_Cleveland_Opportunity_Corridor_Project_DEIS.pdf
20140159,20140159_92957_FSPLT3_1653149.pdf
20140167,20140167_F-4-Exhibit-5-Final-EIS-for-HSWAC.pdf
20140173,20140173_95968_FSPLT3_1658824.pdf
20140211,20140211_BendNorthCorridorus97bnc_14_feis_appendixa_through_k.pdf
20140211,20140211_BendNorthCorridorus97bnc_15_feis_appendixl_and_m.pdf
20140211,20140211_BendNorthCorridorus97bnc_16_feis_appendixn_record_of_comments_part1.pdf
20140211,20140211_BendNorthCorridorus97bnc_17_feis_appendixn_record_of_comments_part2.pdf
20140211,20140211_BendNorthCorridorus97bnc_18_feis_appendixn_record_of_comments_part3.pdf
20140211,20140211_BendNorthCorridorus97bnc_feis_main_body_and_section_4f_evaluation.pdf
20140218,20140218_4d_feis.pdf
20140238,20140238_92466_FSPLT3_2323848.pdf
20140349,20140349_finalenvironmentalimpactstatement.pdf
20140374,20140374_08_List_of_Preparers.pdf
20150021,20150021_RF-40-Final-Draft-12-17-2014.pdf
20150029,20150029_92468_FSPLT3_2579628.pdf
20150138,20150138_HiLine_Volume_I-Whole.pdf
20150138,20150138_HiLine_Volume_II_Proposed_RMP_and_FEIS.pdf
20150138,20150138_HiLine_Volume_III_(Whole).pdf
20160029,20160029_1_Volume%201%20Cover_FEIS.pdf
20160029,20160029_1_Volume%202%20Cover_FEIS.pdf
20160029,20160029_10_Volume_3E_CommentReport_FEIS.pdf
20160029,20160029_12_Volume_3F_CommentReport_FEIS.pdf
20160029,20160029_14_Volume_3G_CommentReport_FEIS.pdf
20160029,20160029_16_Volume_3H_CommentReport_FEIS.pdf
20160029,20160029_2_Volume_3A_CommentReport_FEIS.pdf
20160029,20160029_2_Volume%201%20Inside%20cover_FEIS.pdf
20160029,20160029_2_Volume%202%20Inside%20Cover_FEIS.pdf
20160029,20160029_3_Abstract_FEIS.pdf
20160029,20160029_3_TOC_FEIS.pdf
20160029,20160029_4_Notes%20to%20Reader_FEIS.pdf
20160029,20160029_4_Volume_3B_CommentReport_FEIS.pdf
20160029,20160029_5_Perforated%20Icons_FEIS.pdf
20160029,20160029_6_TOC_FEIS.pdf
20160029,20160029_6_Volume_3C_CommentReport_FEIS.pdf
20160029,20160029_7_Summary_FEIS.pdf
20160029,20160029_8_Volume_3D_CommentReport_FEIS.pdf
20160029,20160029_Chapter_01_Purpose_Need_FEIS.pdf
20160029,20160029_Chapter_02_FacilitySegmentsAlts_FEIS.pdf
20160029,20160029_Chapter_03_ProjectComponents_FEIS.pdf
20160029,20160029_Chapter_04_ActionAlts_FEIS.pdf
20160029,20160029_Chapter_05_Land_FEIS.pdf
20160029,20160029_Chapter_06_Recreation_FEIS.pdf
20160029,20160029_Chapter_07_Visual_FEIS.pdf
20160029,20160029_Chapter_08_EMF_FEIS.pdf
20160029,20160029_Chapter_09_Noise_FEIS.pdf
20160029,20160029_Chapter_10_Health_and_Safety_FEIS.pdf
20160029,20160029_Chapter_11_Socioeconomics_FEIS.pdf
20160029,20160029_Chapter_12_Transportation_FEIS.pdf
20160029,20160029_Chapter_13_CulturalResources_FEIS.pdf
20160029,20160029_Chapter_14_GeologySoils_FEIS.pdf
20160029,20160029_Chapter_15_Water_FEIS.pdf
20160029,20160029_Chapter_16_Wetlands_FEIS.pdf
20160029,20160029_Chapter_17_Vegetation_FEIS.pdf
20160029,20160029_Chapter_18_Wildlife_FEIS.pdf
20160029,20160029_Chapter_19_Fish_FEIS.pdf
20160029,20160029_Chapter_20_Climate_FEIS.pdf
20160029,20160029_Chapter_21_AirQuality_FEIS.pdf
20160029,20160029_Chapter_22_GreenhouseGases_FEIS.pdf
20160029,20160029_Chapter_23_Intentional_Destructive_Acts_FEIS.pdf
20160029,20160029_Chapter_24_Short_Long_Term_FEIS.pdf
20160029,20160029_Chapter_25_Irreversible_Irretrievable_FEIS.pdf
20160029,20160029_Chapter_26_Cumulative_FEIS.pdf
20160029,20160029_Chapter_27_Consultation_Permit_Review_FEIS.pdf
20160029,20160029_Chapter_28_State_Substantive_Standards_FEIS.pdf
20160029,20160029_Chapter_29_References_FEIS.pdf
20160029,20160029_Chapter_30_List_of_Preparers_FEIS.pdf
20160029,20160029_Chapter_31_Agencies_Organizations_Persons_FEIS.pdf
20160029,20160029_Chapter_32_Glossary_Acronyms_FEIS.pdf
20160029,20160029_Chapter_33_Index_FEIS.pdf
20160238,20160238_DEIS_CH5_Consultation_and_Coord_NPS_FireIsland_GMP.pdf
20170175,20170175_Vista_Grande_Draft_EIR_EIS_5.4_List_Of_Preparers.pdf
