file,filename,size_bytes,reason
2001/20010080_East_Side_Access_-_FEIS_2001.pdf,20010080_East_Side_Access_-_FEIS_2001.pdf,22122544,PDF has 0 pages
2001/20010080_East_Side_Access_FEIS_Reevaluations_and_Supporting_Documentation.pdf,20010080_East_Side_Access_FEIS_Reevaluations_and_Supporting_Documentation.pdf,19336348,PDF has 0 pages
2003/20030266_EPA_Region_3_draft_programmatic_EIS_-_Mountaintop_Mining_Valley_Fills_in_Appalachia_Appendix_G.pdf,20030266_EPA_Region_3_draft_programmatic_EIS_-_Mountaintop_Mining_Valley_Fills_in_Appalachia_Appendix_G.pdf,30594220,PDF has 0 pages
2008/20080535_20080535.pdf,20080535_20080535.pdf,5310464,PDF has 0 pages
2011/20110348_20110348.pdf,20110348_20110348.pdf,46592,Invalid header: b'\xd0\xcf\x11\xe0\xa1'
2012/20120329_Chapter_8_-_Glossary.pdf,20120329_Chapter_8_-_Glossary.pdf,466944,PDF has 0 pages
2012/20120372_207909main_Cx_PEIS_final.pdf,20120372_207909main_Cx_PEIS_final.pdf,442368,PDF has 0 pages
2012/20120329_Appendix_12_-_ANILCA_Application.pdf,20120329_Appendix_12_-_ANILCA_Application.pdf,450560,PDF has 0 pages
2012/20120335_TUMSHCP-SDEIS_Chapter_1-2.pdf,20120335_TUMSHCP-SDEIS_Chapter_1-2.pdf,409600,PDF has 0 pages
2012/20120335_TUMSHP-SDEIS_Vol_II_Comments_C.pdf,20120335_TUMSHP-SDEIS_Vol_II_Comments_C.pdf,20856832,PDF has 0 pages
2012/20120320_Appendix_F_Conceptual_Engineering_Drawings_Part_2.pdf,20120320_Appendix_F_Conceptual_Engineering_Drawings_Part_2.pdf,368640,PDF has 0 pages
2013/20130302_Appendix_F_SPCC_Plan.pdf,20130302_Appendix_F_SPCC_Plan.pdf,13604,Invalid header: b'\n\n\t<!'
2013/20130302_Appendix_J_Geotechnical_Investigation.pdf,20130302_Appendix_J_Geotechnical_Investigation.pdf,13604,Invalid header: b'\n\n\t<!'
2013/20130302_Section_4.0_Environmental_Analysis.pdf,20130302_Section_4.0_Environmental_Analysis.pdf,13604,Invalid header: b'\n\n\t<!'
2013/20130162_Figure_M_04-1W.pdf,20130162_Figure_M_04-1W.pdf,442368,PDF has 0 pages
2013/20130162_Figure_M_08-1E.pdf,20130162_Figure_M_08-1E.pdf,450457,PDF has 0 pages
2013/20130302_Appendix_D_Erosion_Control_Reveg._Maint._Plan.pdf,20130302_Appendix_D_Erosion_Control_Reveg._Maint._Plan.pdf,13604,Invalid header: b'\n\n\t<!'
2013/20130302_Appendix_G_Construction_Spill_Plans.pdf,20130302_Appendix_G_Construction_Spill_Plans.pdf,13604,Invalid header: b'\n\n\t<!'
2013/20130206_ExecutiveSummary.pdf,20130206_ExecutiveSummary.pdf,491520,PDF has 0 pages
2013/20130197_Everglades_Agricultural_Area_A-1_Shallow_FEB_Final_EIS_Appendix.pdf,20130197_Everglades_Agricultural_Area_A-1_Shallow_FEB_Final_EIS_Appendix.pdf,434176,PDF has 0 pages
2013/20130302_CEQ20130302.pdf,20130302_CEQ20130302.pdf,13604,Invalid header: b'\n\n\t<!'
2013/20130054_139_PrelimRMP_Map100_OG_Assessment_Units_2of3_11x17_port.pdf,20130054_139_PrelimRMP_Map100_OG_Assessment_Units_2of3_11x17_port.pdf,13604,Invalid header: b'\n\n\t<!'
2013/20130079_Map_35_Potential_Fossil_Yield_Classification.pdf,20130079_Map_35_Potential_Fossil_Yield_Classification.pdf,491520,Corrupt: Failed to open file '/Users/tscott1/Documents/GitHub/eis_documents/enepa_repository/box_files/documents/2013/20130079_Map_35_Potential_Fossil_Yield_Classification.pdf'.
2013/20130302_Appendix_N_Incidental_Harrassment_Authorization.pdf,20130302_Appendix_N_Incidental_Harrassment_Authorization.pdf,13604,Invalid header: b'\n\n\t<!'
2013/20130302_Appendix_K_Phase_II_Site_Investigation.pdf,20130302_Appendix_K_Phase_II_Site_Investigation.pdf,13604,Invalid header: b'\n\n\t<!'
2013/20130302_Appendix_E_Project-Specific_Procedures.pdf,20130302_Appendix_E_Project-Specific_Procedures.pdf,13604,Invalid header: b'\n\n\t<!'
2013/20130272_Greens_Creek_FEIS_EPA_09_06_13.pdf,20130272_Greens_Creek_FEIS_EPA_09_06_13.pdf,507904,PDF has 0 pages
2013/20130206_Chapter01_ProjectPurposeandNeed.pdf,20130206_Chapter01_ProjectPurposeandNeed.pdf,475136,PDF has 0 pages
2013/20130302_Appendix_H_HDD_Plan.pdf,20130302_Appendix_H_HDD_Plan.pdf,13604,Invalid header: b'\n\n\t<!'
2013/20130201_Alt1_Fsize.pdf,20130201_Alt1_Fsize.pdf,507904,PDF has 0 pages
2013/20130259_026_PurpleLine_FEIS_Vol-II_ConceptPlans_Part_3_of_6.pdf,20130259_026_PurpleLine_FEIS_Vol-II_ConceptPlans_Part_3_of_6.pdf,8498807,PDF has 0 pages
2013/20130250_15Appendix_B_-_Cost_Engineering.pdf,20130250_15Appendix_B_-_Cost_Engineering.pdf,458752,PDF has 0 pages
2013/20130302_Appendix_I_Fall_2010_Offshore_Sampling.pdf,20130302_Appendix_I_Fall_2010_Offshore_Sampling.pdf,13604,Invalid header: b'\n\n\t<!'
2013/20130302_Section_3.0_Alternatives.pdf,20130302_Section_3.0_Alternatives.pdf,13604,Invalid header: b'\n\n\t<!'
2014/20140014_Appendix_A_Geographic_Information_Systems_Technical_Documentation_1113.pdf,20140014_Appendix_A_Geographic_Information_Systems_Technical_Documentation_1113.pdf,507904,PDF has 0 pages
2014/20140296_75th_St_CIP_FEIS_-_Appendix_H_-_Environmental_Resources_Documentation.pdf,20140296_75th_St_CIP_FEIS_-_Appendix_H_-_Environmental_Resources_Documentation.pdf,949045,PDF has 0 pages
2014/20140014_Appendix_K_Section_106_Materials_and_Correspondence_Pt_2_of_9.pdf,20140014_Appendix_K_Section_106_Materials_and_Correspondence_Pt_2_of_9.pdf,606208,PDF has 0 pages
2014/20140296_75th_St_CIP_FEIS_-_Chapter_3_-_Environmental_Resources_Impacts_and_Mitigation.pdf,20140296_75th_St_CIP_FEIS_-_Chapter_3_-_Environmental_Resources_Impacts_and_Mitigation.pdf,11657805,PDF has 0 pages
2014/20140152_6_Appendix_S_Part_I.pdf,20140152_6_Appendix_S_Part_I.pdf,30190551,PDF has 0 pages
2014/20140147_Rim_Fire_Recovery_43033_Draft_Environmental_Impact_Statement_Map_Package.pdf,20140147_Rim_Fire_Recovery_43033_Draft_Environmental_Impact_Statement_Map_Package.pdf,737280,PDF has 0 pages
2014/20140296_75th_St_CIP_FEIS_-_Appendix_A_-_Viaducts.pdf,20140296_75th_St_CIP_FEIS_-_Appendix_A_-_Viaducts.pdf,44738,PDF has 0 pages
2015/20150259_SEHSR_Richmond-Raleigh_Tier-II_FEIS_App_D_Farmland_Forms.pdf,20150259_SEHSR_Richmond-Raleigh_Tier-II_FEIS_App_D_Farmland_Forms.pdf,13604,Invalid header: b'\n\n\t<!'
2015/20150259_SEHSR_Richmond-Raleigh_Tier-II_FEIS_04_Conflict-of-Interest_080615.pdf,20150259_SEHSR_Richmond-Raleigh_Tier-II_FEIS_04_Conflict-of-Interest_080615.pdf,13604,Invalid header: b'\n\n\t<!'
2015/20150259_SEHSR_Richmond-Raleigh_Tier-II_FEIS_App_N_Land_Cover.pdf,20150259_SEHSR_Richmond-Raleigh_Tier-II_FEIS_App_N_Land_Cover.pdf,13604,Invalid header: b'\n\n\t<!'
2015/20150259_SEHSR_Richmond-Raleigh_Tier-II_FEIS_Chapter11References_080515.pdf,20150259_SEHSR_Richmond-Raleigh_Tier-II_FEIS_Chapter11References_080515.pdf,13604,Invalid header: b'\n\n\t<!'
2015/20150321_NFECWellsFEIS.pdf,20150321_NFECWellsFEIS.pdf,13604,Invalid header: b'\n\n\t<!'
2015/20150259_SEHSR_Richmond-Raleigh_Tier-II_FEIS_App_M_Air_Qual.pdf,20150259_SEHSR_Richmond-Raleigh_Tier-II_FEIS_App_M_Air_Qual.pdf,13604,Invalid header: b'\n\n\t<!'
2015/20150259_SEHSR_Richmond-Raleigh_Tier-II_FEIS_App_F_Crossings_Roadwork_Summary.pdf,20150259_SEHSR_Richmond-Raleigh_Tier-II_FEIS_App_F_Crossings_Roadwork_Summary.pdf,13604,Invalid header: b'\n\n\t<!'
2015/20150259_SEHSR_Richmond-Raleigh_Tier-II_FEIS_App_J_Census_Tracts.pdf,20150259_SEHSR_Richmond-Raleigh_Tier-II_FEIS_App_J_Census_Tracts.pdf,13604,Invalid header: b'\n\n\t<!'
2015/20150067_Appendix_F-Resource_Use_Patterns.pdf,20150067_Appendix_F-Resource_Use_Patterns.pdf,9096957,Invalid header: b'\x00\x00\x00\x00\x00'
2015/20150306_SLT_FEIS_Volume_3_FINAL_Chapter_4 (tascott@ucdavis.edu).pdf,20150306_SLT_FEIS_Volume_3_FINAL_Chapter_4 (tascott@ucdavis.edu).pdf,22992647,PDF has 0 pages
2015/20150260_Appendix_H_-_Comment_Letters_Part_3_to_Appendix_O_-_Flow_and_Reservoir_Data.pdf,20150260_Appendix_H_-_Comment_Letters_Part_3_to_Appendix_O_-_Flow_and_Reservoir_Data.pdf,13604,Invalid header: b'\n\n\t<!'
2015/20150259_SEHSR_Richmond-Raleigh_Tier-II_FEIS_App_G_Detour_Routes.pdf,20150259_SEHSR_Richmond-Raleigh_Tier-II_FEIS_App_G_Detour_Routes.pdf,13604,Invalid header: b'\n\n\t<!'
2015/20150259_SEHSR_Richmond-Raleigh_Tier-II_FEIS_App_P_Traffic_Volumes.pdf,20150259_SEHSR_Richmond-Raleigh_Tier-II_FEIS_App_P_Traffic_Volumes.pdf,13604,Invalid header: b'\n\n\t<!'
2015/20150306_SLT_FEIS_Volume_2_FINAL_Chapter_3b (tascott@ucdavis.edu).pdf,20150306_SLT_FEIS_Volume_2_FINAL_Chapter_3b (tascott@ucdavis.edu).pdf,19844619,PDF has 0 pages
2015/20150259_SEHSR_Richmond-Raleigh_Tier-II_FEIS_Chapter7AgencyPublicInvolv_080515.pdf,20150259_SEHSR_Richmond-Raleigh_Tier-II_FEIS_Chapter7AgencyPublicInvolv_080515.pdf,13604,Invalid header: b'\n\n\t<!'
2015/20150259_SEHSR_Richmond-Raleigh_Tier-II_FEIS_App_H_Surface_Waters.pdf,20150259_SEHSR_Richmond-Raleigh_Tier-II_FEIS_App_H_Surface_Waters.pdf,13604,Invalid header: b'\n\n\t<!'
2015/20150259_SEHSR_Richmond-Raleigh_Tier-II_FEIS_App_A_Agency_Coord.pdf,20150259_SEHSR_Richmond-Raleigh_Tier-II_FEIS_App_A_Agency_Coord.pdf,13604,Invalid header: b'\n\n\t<!'
2015/20150259_SEHSR_Richmond-Raleigh_Tier-II_FEIS_Chapter1PurposeNeed_080515.pdf,20150259_SEHSR_Richmond-Raleigh_Tier-II_FEIS_Chapter1PurposeNeed_080515.pdf,13604,Invalid header: b'\n\n\t<!'
2015/20150306_SLT_FEIS_Appendix_F-6.pdf,20150306_SLT_FEIS_Appendix_F-6.pdf,26605957,PDF has 0 pages
2015/20150067_1._Cover_-Title.pdf,20150067_1._Cover_-Title.pdf,230926,Invalid header: b'\x00\x00\x00\x00\x00'
2015/20150259_SEHSR_Richmond-Raleigh_Tier-II_FEIS_App_Q_Haz_Waste.pdf,20150259_SEHSR_Richmond-Raleigh_Tier-II_FEIS_App_Q_Haz_Waste.pdf,13604,Invalid header: b'\n\n\t<!'
2015/20150260_Appendix_H_-_Comment_Letters_Part_1.pdf,20150260_Appendix_H_-_Comment_Letters_Part_1.pdf,13604,Invalid header: b'\n\n\t<!'
2015/20150121_3-13_Recreation.pdf,20150121_3-13_Recreation.pdf,4017250,Invalid header: b'\x00\x00\x00\x00\x00'
2015/20150259_SEHSR_Richmond-Raleigh_Tier-II_FEIS_Chapter6Distribution_080515.pdf,20150259_SEHSR_Richmond-Raleigh_Tier-II_FEIS_Chapter6Distribution_080515.pdf,13604,Invalid header: b'\n\n\t<!'
2015/20150259_SEHSR_R2R_Tier_II_EIS_Signature_Page.pdf,20150259_SEHSR_R2R_Tier_II_EIS_Signature_Page.pdf,13604,Invalid header: b'\n\n\t<!'
2015/20150259_SEHSR_Richmond-Raleigh_Tier-II_FEIS_01_Cover_080515.pdf,20150259_SEHSR_Richmond-Raleigh_Tier-II_FEIS_01_Cover_080515.pdf,13604,Invalid header: b'\n\n\t<!'
2015/20150259_SEHSR_Richmond-Raleigh_Tier-II_FEIS_08_FigTableList_080615.pdf,20150259_SEHSR_Richmond-Raleigh_Tier-II_FEIS_08_FigTableList_080615.pdf,13604,Invalid header: b'\n\n\t<!'
2015/20150230_Table_of_Contents.pdf,20150230_Table_of_Contents.pdf,7036,PDF has 0 pages
2015/20150260_Appendix_H_-_Comment_Letters_Part_2.pdf,20150260_Appendix_H_-_Comment_Letters_Part_2.pdf,13604,Invalid header: b'\n\n\t<!'
2015/20150336_Apndx_S_Pit_Lake_ERA.pdf,20150336_Apndx_S_Pit_Lake_ERA.pdf,13604,Invalid header: b'\n\n\t<!'
2015/20150259_SEHSR_Richmond-Raleigh_Tier-II_FEIS_App_B_Public_Invol.pdf,20150259_SEHSR_Richmond-Raleigh_Tier-II_FEIS_App_B_Public_Invol.pdf,13604,Invalid header: b'\n\n\t<!'
2015/20150243_AppA_ScopDocs.pdf,20150243_AppA_ScopDocs.pdf,9804306,Corrupt: Failed to open file '/Users/tscott1/Documents/GitHub/eis_documents/enepa_repository/box_files/documents/2015/20150243_AppA_ScopDocs.pdf'.
2015/20150336_Sec_3.26_Climate_Change.pdf,20150336_Sec_3.26_Climate_Change.pdf,13604,Invalid header: b'\n\n\t<!'
2015/20150259_SEHSR_Richmond-Raleigh_Tier-II_FEIS_Chapter10IndexAcronyms_080515.pdf,20150259_SEHSR_Richmond-Raleigh_Tier-II_FEIS_Chapter10IndexAcronyms_080515.pdf,13604,Invalid header: b'\n\n\t<!'
2015/20150259_SEHSR_Richmond-Raleigh_Tier-II_FEIS_Chapter3ExistingEnv_080515.pdf,20150259_SEHSR_Richmond-Raleigh_Tier-II_FEIS_Chapter3ExistingEnv_080515.pdf,13604,Invalid header: b'\n\n\t<!'
2015/20150259_SEHSR_Richmond-Raleigh_Tier-II_FEIS_App_R_01_Detailed_maps.pdf,20150259_SEHSR_Richmond-Raleigh_Tier-II_FEIS_App_R_01_Detailed_maps.pdf,13604,Invalid header: b'\n\n\t<!'
2015/20150259_SEHSR_Richmond-Raleigh_Tier-II_FEIS_Chapter9Preparers_080515.pdf,20150259_SEHSR_Richmond-Raleigh_Tier-II_FEIS_Chapter9Preparers_080515.pdf,13604,Invalid header: b'\n\n\t<!'
2015/20150260_Cover_Page_to_Appendix_G_-_MI_Economic_Model_Documentation.pdf,20150260_Cover_Page_to_Appendix_G_-_MI_Economic_Model_Documentation.pdf,13604,Invalid header: b'\n\n\t<!'
2015/20150259_SEHSR_Richmond-Raleigh_Tier-II_FEIS_App_E_Track_Charts.pdf,20150259_SEHSR_Richmond-Raleigh_Tier-II_FEIS_App_E_Track_Charts.pdf,13604,Invalid header: b'\n\n\t<!'
2015/20150259_SEHSR_Richmond-Raleigh_Tier-II_FEIS_Chapter4EnvConseq_080515.pdf,20150259_SEHSR_Richmond-Raleigh_Tier-II_FEIS_Chapter4EnvConseq_080515.pdf,13604,Invalid header: b'\n\n\t<!'
2015/20150259_SEHSR_Richmond-Raleigh_Tier-II_FEIS_App_C_Ridership_Rev.pdf,20150259_SEHSR_Richmond-Raleigh_Tier-II_FEIS_App_C_Ridership_Rev.pdf,13604,Invalid header: b'\n\n\t<!'
2015/20150259_SEHSR_Richmond-Raleigh_Tier-II_FEIS_07_TOC_080515.pdf,20150259_SEHSR_Richmond-Raleigh_Tier-II_FEIS_07_TOC_080515.pdf,13604,Invalid header: b'\n\n\t<!'
2015/20150192_9_App_G_Comments_Part_3[1].pdf,20150192_9_App_G_Comments_Part_3[1].pdf,39888589,PDF has 0 pages
2015/20150261_20150261.pdf,20150261_20150261.pdf,13604,Invalid header: b'\n\n\t<!'
2015/20150259_SEHSR_Richmond-Raleigh_Tier-II_FEIS_App_K_Cultural_Res_5_15.pdf,20150259_SEHSR_Richmond-Raleigh_Tier-II_FEIS_App_K_Cultural_Res_5_15.pdf,13604,Invalid header: b'\n\n\t<!'
2015/20150259_SEHSR_Richmond-Raleigh_Tier-II_FEIS_03_Commitments_080515.pdf,20150259_SEHSR_Richmond-Raleigh_Tier-II_FEIS_03_Commitments_080515.pdf,13604,Invalid header: b'\n\n\t<!'
2016/20160181_Rover_FEIS_App_S_Potential_Cumulative_Impacts.pdf,20160181_Rover_FEIS_App_S_Potential_Cumulative_Impacts.pdf,16093,PDF has 0 pages
2016/20160327_Final_SEIS_Land_Acquisition_and_Airspace_Establishment_to_Support_Large-Scale_Marine_Air_Ground_Task_Force_Live-Fire_Training_Marine_Corps_Combat_Center_Twentynine_Palms.pdf,20160327_Final_SEIS_Land_Acquisition_and_Airspace_Establishment_to_Support_Large-Scale_Marine_Air_Ground_Task_Force_Live-Fire_Training_Marine_Corps_Combat_Center_Twentynine_Palms.pdf,19898699,PDF has 0 pages
2016/20160182_C_Alternatives.pdf,20160182_C_Alternatives.pdf,1988468,PDF has 0 pages
2016/20160181_Rover_FEIS_App_G5_Res_Access_Traffic_Plan.pdf,20160181_Rover_FEIS_App_G5_Res_Access_Traffic_Plan.pdf,216599,PDF has 0 pages
2016/20160175_Chapter_2_PennEast_DEIS_Volume_II_Appendices_A-B.pdf,20160175_Chapter_2_PennEast_DEIS_Volume_II_Appendices_A-B.pdf,26671402,PDF has 0 pages
2016/20160278_K8d_Business_Letters_B26_to_B33.pdf,20160278_K8d_Business_Letters_B26_to_B33.pdf,4888723,PDF has 0 pages
2016/20160157_Bangor_LWI-SPE_FEIS_Jul2016_VolTwo.pdf,20160157_Bangor_LWI-SPE_FEIS_Jul2016_VolTwo.pdf,20991940,PDF has 0 pages
2016/20160278_03_Chapter_3_Part_4_3.3_to_3.4.pdf,20160278_03_Chapter_3_Part_4_3.3_to_3.4.pdf,1937408,PDF has 0 pages
2016/20160278_01_Title_Page_Volume_1C.pdf,20160278_01_Title_Page_Volume_1C.pdf,152084,Invalid header: b'\x00\x00\x00\x00\x00'
2016/20160182_Comment_Set_F4_-_Southern_California_Edison_-_Additional_Comments.pdf,20160182_Comment_Set_F4_-_Southern_California_Edison_-_Additional_Comments.pdf,4742337,PDF has 0 pages
2016/20160262_Initial_Site_Assessment_Part_6.pdf,20160262_Initial_Site_Assessment_Part_6.pdf,13604,Invalid header: b'\n\n\t<!'
2017/20170124_Appendix_04.pdf,20170124_Appendix_04.pdf,536130,PDF has 0 pages
2017/20170025_Attachment_05_Cultural_Resources_Technical_Environmental_Study_Vol_1b_DEIS.pdf,20170025_Attachment_05_Cultural_Resources_Technical_Environmental_Study_Vol_1b_DEIS.pdf,15077032,PDF has 0 pages
2017/20170124_Appendix_02.pdf,20170124_Appendix_02.pdf,25376922,PDF has 0 pages
2017/20170113_MVP_EEP_FEIS_Appendix_AA-_RTC_part_36of36.pdf,20170113_MVP_EEP_FEIS_Appendix_AA-_RTC_part_36of36.pdf,31621113,PDF has 0 pages
2017/20170025_Attachment_06_Hazardous_Waste_Screening_Technical_Environmental_Study_DEIS.pdf,20170025_Attachment_06_Hazardous_Waste_Screening_Technical_Environmental_Study_DEIS.pdf,23739866,PDF has 0 pages
2017/20170142_Final_SEIS_Land_Acquisition_and_Airspace_Establishment_to_Support_Large-Scale_Marine_Air_Ground_Task_Force_Live-Fire_Training_Marine_Corps_Combat_Center_Twentynine_Palms.pdf,20170142_Final_SEIS_Land_Acquisition_and_Airspace_Establishment_to_Support_Large-Scale_Marine_Air_Ground_Task_Force_Live-Fire_Training_Marine_Corps_Combat_Center_Twentynine_Palms.pdf,22522591,PDF has 0 pages
2017/20170142_Final_SEIS_Land_Acquisition_and_Airspace_Establishment_to_Support_Large-Scale_Marine_Air_Ground_Task_Force_Live-Fire_Training_Marine_Corps_Combat_Center_Twentynine_Palms.pdf.pdf,20170142_Final_SEIS_Land_Acquisition_and_Airspace_Establishment_to_Support_Large-Scale_Marine_Air_Ground_Task_Force_Live-Fire_Training_Marine_Corps_Combat_Center_Twentynine_Palms.pdf.pdf,35926016,PDF has 0 pages
2017/20170025_Attachment_05_Cultural_Resources_Technical_Environmental_Study_Vol_1a_DEIS.pdf,20170025_Attachment_05_Cultural_Resources_Technical_Environmental_Study_Vol_1a_DEIS.pdf,21796978,PDF has 0 pages
2017/20170124_Appendix_25.pdf,20170124_Appendix_25.pdf,494608,PDF has 0 pages
2017/20170077_01_UMC_Draft_ROD_04_27_2017.pdf,20170077_01_UMC_Draft_ROD_04_27_2017.pdf,1212332,Invalid header: b'\x00\x00\x00\x00\x00'
2017/20170124_Appendix_21.pdf,20170124_Appendix_21.pdf,2506248,PDF has 0 pages
2018/20180251_Rebuild_By_Design_RBD_Meadowlands_Flood_Control_Project_FEIS_Appendices_F-G.pdf,20180251_Rebuild_By_Design_RBD_Meadowlands_Flood_Control_Project_FEIS_Appendices_F-G.pdf,2134,Invalid header: b'\r\n<ht'
2018/20180240_AFTT_Final_EIS_OEIS_Volume_II.pdf,20180240_AFTT_Final_EIS_OEIS_Volume_II.pdf,8912896,PDF has 0 pages
2018/20180126_Section_07_References_DRAFT_EIS.pdf,20180126_Section_07_References_DRAFT_EIS.pdf,141147,Invalid header: b'\x00\x00\x00\x00\x00'
2018/20180240_AFTT_Final_EIS_OEIS_Volume_III.pdf,20180240_AFTT_Final_EIS_OEIS_Volume_III.pdf,17039360,PDF has 0 pages
2018/20180211_21_-_Volume_II_-_Appendix_Q_Supplemental_-_Phase_I_Environmental_Site_Assessments.pdf,20180211_21_-_Volume_II_-_Appendix_Q_Supplemental_-_Phase_I_Environmental_Site_Assessments.pdf,18087936,PDF has 0 pages
2018/20180078_Appendix_K_-_Archeological_Report_and_Memo.pdf,20180078_Appendix_K_-_Archeological_Report_and_Memo.pdf,6225920,PDF has 0 pages
2018/20180049_03_MPWSP_FEIR-EIS_ch8.5_508.pdf,20180049_03_MPWSP_FEIR-EIS_ch8.5_508.pdf,4915200,PDF has 0 pages
2019/20190221_Chapter19_PublicHealthElderlyDisabilities_LongBridgeDEIS.pdf,20190221_Chapter19_PublicHealthElderlyDisabilities_LongBridgeDEIS.pdf,542526,Invalid header: b'\x00\x00\x00\x00\x00'
2019/20190236_Lake_Ralph_Hall_FEIS_Volume_II_Appendix_L_p1251-1280.pdf,20190236_Lake_Ralph_Hall_FEIS_Volume_II_Appendix_L_p1251-1280.pdf,15269888,PDF has 0 pages
2019/20190236_Lake_Ralph_Hall_FEIS_Volume_II_Appendix_L_p1176-1250.pdf,20190236_Lake_Ralph_Hall_FEIS_Volume_II_Appendix_L_p1176-1250.pdf,13697024,PDF has 0 pages
2019/20190048_ESCR_EIS_Chapter_5.4_Historic_and_Cultural_Resources.pdf,20190048_ESCR_EIS_Chapter_5.4_Historic_and_Cultural_Resources.pdf,20873209,PDF has 0 pages
2020/20200210_Appendix_A-E.pdf,20200210_Appendix_A-E.pdf,25977144,PDF has 0 pages
2020/20200006_Air_Quality_Report_Errata_bookmarked1.pdf,20200006_Air_Quality_Report_Errata_bookmarked1.pdf,15996,PDF has 0 pages
2020/20200166_18-0035-BLM_FEIS_Willow_Master_Plan.pdf,20200166_18-0035-BLM_FEIS_Willow_Master_Plan.pdf,246704,Invalid header: b'\x00\x00\x00\x00\x00'
2020/20200122_Proposed_Competitive_Mineral_Materials_Sale_Parkdale_Final_EIS_Vol-3_Appendices_E-N.pdf,20200122_Proposed_Competitive_Mineral_Materials_Sale_Parkdale_Final_EIS_Vol-3_Appendices_E-N.pdf,27607033,PDF has 0 pages
2020/20200170_Appendix_J.4_Phase-I-ESA_Parking_Lot_S_App_C_Part_20.pdf,20200170_Appendix_J.4_Phase-I-ESA_Parking_Lot_S_App_C_Part_20.pdf,35913728,PDF has 0 pages
2020/20200217_CTX_MR_AppendixD_Annex19_Bolivar_Roads_Gates_System_Plates_Compressed.pdf,20200217_CTX_MR_AppendixD_Annex19_Bolivar_Roads_Gates_System_Plates_Compressed.pdf,22365793,PDF has 0 pages
2020/20200160_V3-01a_CVY_Alignment_Plans_SR152North_Road_13.pdf,20200160_V3-01a_CVY_Alignment_Plans_SR152North_Road_13.pdf,33816576,PDF has 0 pages
2020/20200006_Combined_241_91_FED_EIREIS_1.pdf,20200006_Combined_241_91_FED_EIREIS_1.pdf,44351481,PDF has 0 pages
2020/20200170_Appendix_J.4_Phase-I-ESA_Parking_Lot_S_App_C_Part_18.pdf,20200170_Appendix_J.4_Phase-I-ESA_Parking_Lot_S_App_C_Part_18.pdf,35389440,PDF has 0 pages
2020/20200170_Appendix_J.4_Phase-I-ESA_Parking_Lot_S_App_C_Part_28.pdf,20200170_Appendix_J.4_Phase-I-ESA_Parking_Lot_S_App_C_Part_28.pdf,49807360,PDF has 0 pages
2020/20200160_V2-08_CVY_APP_3.1_B_Parcels.pdf,20200160_V2-08_CVY_APP_3.1_B_Parcels.pdf,23330816,PDF has 0 pages
2020/20200217_CTX_MR_AppendixD_Annex1_ERDC_TR_-_Spine_Morphology.pdf,20200217_CTX_MR_AppendixD_Annex1_ERDC_TR_-_Spine_Morphology.pdf,17762066,PDF has 0 pages
2020/20200210_Appendix_N-S.pdf,20200210_Appendix_N-S.pdf,21129908,PDF has 0 pages
2020/20200210_Appendix_F-M.pdf,20200210_Appendix_F-M.pdf,21318242,PDF has 0 pages
2020/20200217_CTX_MR_AppendixF_Annex1_Map_Books_Optimized.pdf,20200217_CTX_MR_AppendixF_Annex1_Map_Books_Optimized.pdf,26893899,PDF has 0 pages
2020/20200170_Appendix_J.4_Phase-I-ESA_Parking_Lot_S_App_C_Part_11.pdf,20200170_Appendix_J.4_Phase-I-ESA_Parking_Lot_S_App_C_Part_11.pdf,43778048,PDF has 0 pages
2020/20200217_CTX_MR_AppendixD_Annex11_Map_Book_-_Bolivar_Dune_Alignment.pdf,20200217_CTX_MR_AppendixD_Annex11_Map_Book_-_Bolivar_Dune_Alignment.pdf,23824092,PDF has 0 pages
2020/20200170_Appendix_P.5_Wetland_Delination_Report_App_F.pdf,20200170_Appendix_P.5_Wetland_Delination_Report_App_F.pdf,37224448,PDF has 0 pages
2021/20210010_App-G.02_DEIS_Part_3_of_7.pdf,20210010_App-G.02_DEIS_Part_3_of_7.pdf,21601311,PDF has 0 pages
2021/20210079_V2-07_APP_2-F_Summary_of_Requirements_for_Maintenance_Facilities.pdf,20210079_V2-07_APP_2-F_Summary_of_Requirements_for_Maintenance_Facilities.pdf,1658880,PDF has 0 pages
2021/20210079_V3-28_Book_1_Section_B_Alignment_Plans_Part_1_of_3_.pdf,20210079_V3-28_Book_1_Section_B_Alignment_Plans_Part_1_of_3_.pdf,19138657,PDF has 0 pages
2021/20210079_V1-19_CH_3.13_Station_Planning_Land_Use_and_Development.pdf,20210079_V1-19_CH_3.13_Station_Planning_Land_Use_and_Development.pdf,462105,PDF has 0 pages
2021/20210079_V1-07_CH_3.1_Introduction.pdf,20210079_V1-07_CH_3.1_Introduction.pdf,196161,PDF has 0 pages
2021/20210079_V3-38_Book_1_Section_E_GradingDrainageRetaining_Walls_Plans_Part_1_of_10.pdf,20210079_V3-38_Book_1_Section_E_GradingDrainageRetaining_Walls_Plans_Part_1_of_10.pdf,392530,PDF has 0 pages
2021/20210079_V1-04_Summary.pdf,20210079_V1-04_Summary.pdf,4447765,PDF has 0 pages
2021/20210079_V1-15_CH_3.9_Geology_Soils_Seismicity_and_Paleontological_Resources.pdf,20210079_V1-15_CH_3.9_Geology_Soils_Seismicity_and_Paleontological_Resources.pdf,4607292,PDF has 0 pages
2021/20210040_B.14_Part_3_Determination_of_Effects_Report_Appendices_B_â¿¿_G.pdf,20210040_B.14_Part_3_Determination_of_Effects_Report_Appendices_B_â¿¿_G.pdf,2990941,PDF has 0 pages
2021/20210079_V3-78_Book_3_Section_N_Refined_Cesar_Chavez_National_Monument_CCNM_Design_Option_Plans_Part_4_of_4.pdf,20210079_V3-78_Book_3_Section_N_Refined_Cesar_Chavez_National_Monument_CCNM_Design_Option_Plans_Part_4_of_4.pdf,12671862,PDF has 0 pages
2021/20210180_CTNERR_FEIS_FINAL_11-22-21.pdf,20210180_CTNERR_FEIS_FINAL_11-22-21.pdf,16451948,PDF has 0 pages
2021/20210010_App-E_DEIS_Public_Involvement_Agency_Coordination.pdf,20210010_App-E_DEIS_Public_Involvement_Agency_Coordination.pdf,25451265,PDF has 0 pages
2021/20210126_CliffKnoxDEIS_WebVers.pdf,20210126_CliffKnoxDEIS_WebVers.pdf,3082504,PDF has 0 pages
2021/20210084_REGULA1.pdf,20210084_REGULA1.pdf,24108332,PDF has 0 pages
2021/20210010_App-G.02_DEIS_Part_7_of_7.pdf,20210010_App-G.02_DEIS_Part_7_of_7.pdf,19066309,PDF has 0 pages
2021/20210079_V3-43_Book_1_Section_E_GradingDrainageRetaining_Walls_Plans_Part_6_of_10.pdf,20210079_V3-43_Book_1_Section_E_GradingDrainageRetaining_Walls_Plans_Part_6_of_10.pdf,10348370,PDF has 0 pages
2021/20210079_V1-35_CH_13_Glossary_of_Terms.pdf,20210079_V1-35_CH_13_Glossary_of_Terms.pdf,425309,PDF has 0 pages
2021/20210079_V3-64_Book_1_Section_L_Composite_Utility_Plans_Part_7_of_14.pdf,20210079_V3-64_Book_1_Section_L_Composite_Utility_Plans_Part_7_of_14.pdf,32048279,PDF has 0 pages
2021/20210010_App-D.05A_DEIS_Cultural_Resources_Attachments.pdf,20210010_App-D.05A_DEIS_Cultural_Resources_Attachments.pdf,19333193,PDF has 0 pages
2021/20210010_App-G.10_thru_G.15_DEIS.pdf,20210010_App-G.10_thru_G.15_DEIS.pdf,25278975,PDF has 0 pages
2022/20220179_APPENDIX_J_compilation20221018.pdf,20220179_APPENDIX_J_compilation20221018.pdf,42634324,PDF has 0 pages
2022/20220114_08_CP-KCS_DEIS_Vol_VIII.pdf,20220114_08_CP-KCS_DEIS_Vol_VIII.pdf,21835627,PDF has 0 pages
2022/20220032_App_C_Bishopville_Truck_Route_Project_Public_Involvement_Materials_Part_2.pdf,20220032_App_C_Bishopville_Truck_Route_Project_Public_Involvement_Materials_Part_2.pdf,11573253,PDF has 0 pages
2022/20220049_Appendix_E-4_Finding_Documentation_Part_2_of_5_April_2022.pdf,20220049_Appendix_E-4_Finding_Documentation_Part_2_of_5_April_2022.pdf,50747227,PDF has 0 pages
2022/20220049_Appendix_M-6_Part_7_Letters_S_-_Sarno_thru_Smith_April_2022.pdf,20220049_Appendix_M-6_Part_7_Letters_S_-_Sarno_thru_Smith_April_2022.pdf,27264726,PDF has 0 pages
2022/20220114_05_CP-KCS_DEIS_Vol_V.pdf,20220114_05_CP-KCS_DEIS_Vol_V.pdf,16638248,PDF has 0 pages
2022/20220081_MLS_FEIS_AppM_NRTR_App_I_NPSAddlInfo_02_June_2022p.pdf,20220081_MLS_FEIS_AppM_NRTR_App_I_NPSAddlInfo_02_June_2022p.pdf,27720229,PDF has 0 pages
2022/20220112_Appendix_L_-_Responses_to_Comments.pdf,20220112_Appendix_L_-_Responses_to_Comments.pdf,16104,PDF has 0 pages
2022/20220051_APPENDIX_M-Volume2of4_compilation20220307 (tascott@ucdavis.edu).pdf,20220051_APPENDIX_M-Volume2of4_compilation20220307 (tascott@ucdavis.edu).pdf,97748263,PDF has 0 pages
2022/20220078_Coachella_Valley_FEIS-EIR_and_ROD_Appendix_A_-_DEIS_EIR.pdf,20220078_Coachella_Valley_FEIS-EIR_and_ROD_Appendix_A_-_DEIS_EIR.pdf,23586213,PDF has 0 pages
2022/20220179_APPENDIX_E_compilation20220606.pdf,20220179_APPENDIX_E_compilation20220606.pdf,3367452,PDF has 0 pages
2022/20220156_PEIS_for_Decommissioning_Oil_and_Gas_Platforms_on_the_POCS_-_Appendix_D1.pdf,20220156_PEIS_for_Decommissioning_Oil_and_Gas_Platforms_on_the_POCS_-_Appendix_D1.pdf,9603626,PDF has 0 pages
2022/20220049_Appendix_F_Visual_Impact_Assessment_Report_Part_1_of_4_April_2022.pdf,20220049_Appendix_F_Visual_Impact_Assessment_Report_Part_1_of_4_April_2022.pdf,33827229,PDF has 0 pages
2022/20220144_LS_259_and_261_Gulf_of_Mexico_Draft_SEIS_2.pdf,20220144_LS_259_and_261_Gulf_of_Mexico_Draft_SEIS_2.pdf,22947272,PDF has 0 pages
2022/20220113_CTA_RLE_FEIS_20220805_AppC_AgencyCoordPublicInv_1of7.pdf,20220113_CTA_RLE_FEIS_20220805_AppC_AgencyCoordPublicInv_1of7.pdf,4357646,PDF has 0 pages
2022/20220062_Appendix_G._Hydrologic_and_Hydraulic_Appendix_.pdf,20220062_Appendix_G._Hydrologic_and_Hydraulic_Appendix_.pdf,15705913,PDF has 0 pages
2022/20220081_MLS_FEIS_App_B_MDOT_SHA_Draft_App_IAPA_App_G-K_June_2022p.pdf,20220081_MLS_FEIS_App_B_MDOT_SHA_Draft_App_IAPA_App_G-K_June_2022p.pdf,44699208,PDF has 0 pages
2022/20220113_CTA_RLE_FEIS_20220805_AppC_AgencyCoordPublicInv_4of7 (tascott@ucdavis.edu).pdf,20220113_CTA_RLE_FEIS_20220805_AppC_AgencyCoordPublicInv_4of7 (tascott@ucdavis.edu).pdf,39970406,PDF has 0 pages
2022/20220173_Final_NOS_PEIS_for_Surveying_and_Mapping_11-17-22.pdf,20220173_Final_NOS_PEIS_for_Surveying_and_Mapping_11-17-22.pdf,18333795,PDF has 0 pages
2022/20220189_Appendix_C.4_404b1_Analysis.pdf,20220189_Appendix_C.4_404b1_Analysis.pdf,19391951,PDF has 0 pages
2023/20230158_Big_Game_RMPA_EIS_Vol2_Part4_508.pdf,20230158_Big_Game_RMPA_EIS_Vol2_Part4_508.pdf,8531549,PDF has 0 pages
2023/20230086_STPFS_Appendix_C_-_Annex_E_-_Endangered_Species_Act.pdf,20230086_STPFS_Appendix_C_-_Annex_E_-_Endangered_Species_Act.pdf,20835781,PDF has 0 pages
2023/20230174_TontoNF_FEIS_LMP.pdf,20230174_TontoNF_FEIS_LMP.pdf,23374558,PDF has 0 pages
2023/20230089_Bowers_Hill_Interchange_Improvements_Study_Draft_Environmental_Impact_Statement.pdf,20230089_Bowers_Hill_Interchange_Improvements_Study_Draft_Environmental_Impact_Statement.pdf,17203285,PDF has 0 pages
2023/20230180_Coon_Creek_Watershed_Draft_PEIS.pdf,20230180_Coon_Creek_Watershed_Draft_PEIS.pdf,21815527,PDF has 0 pages
2023/20230136_Appendix_J_-_Species_Analysis_Spreadsheet_and_Documentation.pdf,20230136_Appendix_J_-_Species_Analysis_Spreadsheet_and_Documentation.pdf,25347545,PDF has 0 pages
2023/20230073_Harris_Reservoir_Expansion_Final_EIS_Apps_L_M_P_and_Q.pdf,20230073_Harris_Reservoir_Expansion_Final_EIS_Apps_L_M_P_and_Q.pdf,21331775,PDF has 0 pages
2023/20230146_CO_River_Near-term_Ops_Revised_Draft_SEIS_20231019_508.pdf,20230146_CO_River_Near-term_Ops_Revised_Draft_SEIS_20231019_508.pdf,22466006,PDF has 0 pages
2023/20230111_Volume_IV_Appendix_C_Part_2_of_2.pdf,20230111_Volume_IV_Appendix_C_Part_2_of_2.pdf,20853142,PDF has 0 pages
2023/20230118_Appendix_O-Historic_Properties_Analysis.pdf,20230118_Appendix_O-Historic_Properties_Analysis.pdf,20985881,PDF has 0 pages
2023/20230073_Harris_Reservoir_Expansion_Final_EIS_508.pdf,20230073_Harris_Reservoir_Expansion_Final_EIS_508.pdf,7303932,PDF has 0 pages
2023/20230073_Harris_Reservoir_Expansion_Final_EIS_Apps_A_B_C_and_G.pdf,20230073_Harris_Reservoir_Expansion_Final_EIS_Apps_A_B_C_and_G.pdf,52858687,PDF has 0 pages
2023/20230089_Bowers_Hill_Interchange_Improvements_Study_Cultural_Resources_Assessment_Volume_III_Archaeological_Management_Summary.pdf,20230089_Bowers_Hill_Interchange_Improvements_Study_Cultural_Resources_Assessment_Volume_III_Archaeological_Management_Summary.pdf,23596717,PDF has 0 pages
2023/20230134_8_Pages_596-639_from_R14001_-_Upper_Llagas_Creek_Project_Final_EIS_11-19-2018.pdf,20230134_8_Pages_596-639_from_R14001_-_Upper_Llagas_Creek_Project_Final_EIS_11-19-2018.pdf,8457952,PDF has 0 pages
2023/20230006_Lava_Ridge_DEIS_Volume_4g_Appendix_5_7_of_13.pdf,20230006_Lava_Ridge_DEIS_Volume_4g_Appendix_5_7_of_13.pdf,18172586,PDF has 0 pages
2023/20230176_Annex_A_ESA_Compliance_Draft.pdf,20230176_Annex_A_ESA_Compliance_Draft.pdf,8356991,PDF has 0 pages
2023/20230150_V2-023-App05B2_River_Ops_508.pdf,20230150_V2-023-App05B2_River_Ops_508.pdf,32004728,PDF has 0 pages
2023/20230135_APPENDIX_N_-_Water_Resources_Part_2.pdf,20230135_APPENDIX_N_-_Water_Resources_Part_2.pdf,8458739,PDF has 0 pages
2023/20230118_Volume_III-Environmental_Atlas_Alternative_O.pdf,20230118_Volume_III-Environmental_Atlas_Alternative_O.pdf,25106256,PDF has 0 pages
2023/20230176_Appendix_C.2._Effects_of_the_Alternatives_Draft.pdf,20230176_Appendix_C.2._Effects_of_the_Alternatives_Draft.pdf,23527293,PDF has 0 pages
2023/20230181_West_Fork_Kickapoo_Watershed_Draft_PEIS.pdf,20230181_West_Fork_Kickapoo_Watershed_Draft_PEIS.pdf,18622917,PDF has 0 pages
2023/20230110_Appendix_K_-_Transportation_Equity_and_Access_Studies_Updated_221205.pdf,20230110_Appendix_K_-_Transportation_Equity_and_Access_Studies_Updated_221205.pdf,102252848,PDF has 0 pages
2023/20230089_Bowers_Hill_Interchange_Improvements_Study_Natural_Resources_Technical_Report_Appendix_I.pdf,20230089_Bowers_Hill_Interchange_Improvements_Study_Natural_Resources_Technical_Report_Appendix_I.pdf,21400516,PDF has 0 pages
2023/20230164_Vol_1_MHAO_FEIS.pdf,20230164_Vol_1_MHAO_FEIS.pdf,21210873,PDF has 0 pages
2023/20230118_Volume_III-Environmental_Atlas_Alternative_M.pdf,20230118_Volume_III-Environmental_Atlas_Alternative_M.pdf,19079126,PDF has 0 pages
2023/20230071_Vol_1_FMS_PTC_FEIS_January_2023.pdf,20230071_Vol_1_FMS_PTC_FEIS_January_2023.pdf,13604,Invalid header: b'\n\n\t<!'
2023/20230136_Appendix_L_to_O.pdf,20230136_Appendix_L_to_O.pdf,21869877,PDF has 0 pages
2023/20230150_V2-048-App07B_2017_Model_508.pdf,20230150_V2-048-App07B_2017_Model_508.pdf,19177714,PDF has 0 pages
2023/20230176_Appendix_C.3_Pertinent_Correspondence_Info_Draft.pdf,20230176_Appendix_C.3_Pertinent_Correspondence_Info_Draft.pdf,43270447,PDF has 0 pages
2023/20230076_Appendix_B_-_Compiled.pdf,20230076_Appendix_B_-_Compiled.pdf,18580427,PDF has 0 pages
2023/20230089_Bowers_Hil_Interchange_Improvements_Study_Noise_Analysis_Technical_Report_Appendix_I.pdf,20230089_Bowers_Hil_Interchange_Improvements_Study_Noise_Analysis_Technical_Report_Appendix_I.pdf,18588816,PDF has 0 pages
2023/20230082_ECRMP_Vol4_AppendixC-L_June2023_508.pdf,20230082_ECRMP_Vol4_AppendixC-L_June2023_508.pdf,19953723,PDF has 0 pages
2023/20230175_01-0F280_LCG_Draft_EIR-EIS_Appendices.pdf,20230175_01-0F280_LCG_Draft_EIR-EIS_Appendices.pdf,25283349,PDF has 0 pages
2023/20230110_Appendix_F_-_Comments_Received_From_PH-DEIS_NOA_Part_2.pdf,20230110_Appendix_F_-_Comments_Received_From_PH-DEIS_NOA_Part_2.pdf,25575126,PDF has 0 pages
2023/20230159_Chapters_1-4_Cross-Tie_500kV_Transmission_Project_EIS.pdf,20230159_Chapters_1-4_Cross-Tie_500kV_Transmission_Project_EIS.pdf,20663911,PDF has 0 pages
2023/20230119_Gibellini_Vanadium_Mine_Final_EIS_508.pdf,20230119_Gibellini_Vanadium_Mine_Final_EIS_508.pdf,18005897,PDF has 0 pages
2023/20230166_App_A_Comments_and_Responses.pdf,20230166_App_A_Comments_and_Responses.pdf,22639048,PDF has 0 pages
2023/20230130_Thacker_Pass_FEIS_Apx_P_Part8_Water_508.pdf,20230130_Thacker_Pass_FEIS_Apx_P_Part8_Water_508.pdf,6694230,PDF has 0 pages
2023/20230132_MDOffshore_Wind_final_DEIS_2023_Oct02_508.pdf,20230132_MDOffshore_Wind_final_DEIS_2023_Oct02_508.pdf,28596375,PDF has 0 pages
2023/20230089_Bowers_Hil_Interchange_Improvements_Study_Noise_Analysis_Technical_Report_Appendices_A_to_H.pdf,20230089_Bowers_Hil_Interchange_Improvements_Study_Noise_Analysis_Technical_Report_Appendices_A_to_H.pdf,8179739,PDF has 0 pages
2023/20230110_Appendix_F_-_Comments_Received_From_PH-DEIS_NOA_Part_1.pdf,20230110_Appendix_F_-_Comments_Received_From_PH-DEIS_NOA_Part_1.pdf,19661592,PDF has 0 pages
2023/20230178_Appendix_I_Attachment_5B_KOP_Cumulative_Assessment_Visual_Simulations_508.pdf,20230178_Appendix_I_Attachment_5B_KOP_Cumulative_Assessment_Visual_Simulations_508.pdf,23575489,PDF has 0 pages
2023/20230178_Appendix_I_Attachment_5D_KOP_Cumulative_Assessment_Visual_Simulations_508.pdf,20230178_Appendix_I_Attachment_5D_KOP_Cumulative_Assessment_Visual_Simulations_508.pdf,27393991,PDF has 0 pages
2023/20230118_AppendixPP-Tier_1_Biological_Assessment.pdf,20230118_AppendixPP-Tier_1_Biological_Assessment.pdf,19754911,PDF has 0 pages
2023/20230006_Lava_Ridge_DEIS_Volume_4l_Appendix_5_12_of_13.pdf,20230006_Lava_Ridge_DEIS_Volume_4l_Appendix_5_12_of_13.pdf,18402825,PDF has 0 pages
2023/20230093_ProposedWNYLandExch_Aug_2023.pdf,20230093_ProposedWNYLandExch_Aug_2023.pdf,20530286,PDF has 0 pages
2023/20230145_OCS_PEIS_Appendix_D1_Oct_2023_Underwater_Calculator.pdf,20230145_OCS_PEIS_Appendix_D1_Oct_2023_Underwater_Calculator.pdf,27139231,PDF has 0 pages
2023/20230056_NOAA_Restoration_Center_Final_PEIS.pdf,20230056_NOAA_Restoration_Center_Final_PEIS.pdf,13603,Invalid header: b'\n\n\t<!'
2023/20230043_Sentinel_GBSD_FEIS_-_Volume_I_Final_EIS_March_2023.pdf,20230043_Sentinel_GBSD_FEIS_-_Volume_I_Final_EIS_March_2023.pdf,18939390,PDF has 0 pages
2023/20230103_Juniper_DEIS_Main-Text-508_20230811.pdf,20230103_Juniper_DEIS_Main-Text-508_20230811.pdf,18336514,PDF has 0 pages
2023/20230110_Appendix_L_-_Historic_Resources_Part_1.pdf,20230110_Appendix_L_-_Historic_Resources_Part_1.pdf,25568178,PDF has 0 pages
2023/20230159_Appendix_A_Plan_of_Development_Cross-Tie_500kV_Transmission_Project_EIS.pdf,20230159_Appendix_A_Plan_of_Development_Cross-Tie_500kV_Transmission_Project_EIS.pdf,21590451,PDF has 0 pages
2023/20230071_Vol_2_FMS_PTC_FEIS_January_2023_Part_1.pdf,20230071_Vol_2_FMS_PTC_FEIS_January_2023_Part_1.pdf,13604,Invalid header: b'\n\n\t<!'
2023/20230086_STPFS_-_Appendix_E_-_Hydrologic_Hydraulics.pdf,20230086_STPFS_-_Appendix_E_-_Hydrologic_Hydraulics.pdf,18751588,PDF has 0 pages
2023/20230077_2023_06_23_EBM_AM4_PublicDEIS_508.pdf,20230077_2023_06_23_EBM_AM4_PublicDEIS_508.pdf,18879763,PDF has 0 pages
2023/20230089_Appendix_B_-_Bowers_Hill_Study_Agency_Coordination.pdf,20230089_Appendix_B_-_Bowers_Hill_Study_Agency_Coordination.pdf,24157230,PDF has 0 pages
2023/20230083_CP22-493_Cumberland_Project_Final_EIS.pdf,20230083_CP22-493_Cumberland_Project_Final_EIS.pdf,15803681,PDF has 0 pages
2023/20230071_Vol_2_FMS_PTC_FEIS_January_2023_Part_2.pdf,20230071_Vol_2_FMS_PTC_FEIS_January_2023_Part_2.pdf,13604,Invalid header: b'\n\n\t<!'
2023/20230142_Ambler_Road_Draft_SEIS_Volume_3.pdf,20230142_Ambler_Road_Draft_SEIS_Volume_3.pdf,19672589,PDF has 0 pages
2023/20230168_HSTT_FEIS_Volume_3.pdf,20230168_HSTT_FEIS_Volume_3.pdf,19115394,PDF has 0 pages
2023/20230099_Volume2_Appendix_A_Appendix_H_GSENM-DraftRMPEIS.pdf,20230099_Volume2_Appendix_A_Appendix_H_GSENM-DraftRMPEIS.pdf,20376727,PDF has 0 pages
2023/20230158_Big_Game_RMPA_EIS_Vol2_Part3_508.pdf,20230158_Big_Game_RMPA_EIS_Vol2_Part3_508.pdf,19259842,PDF has 0 pages
2023/20230006_Lava_Ridge_DEIS_Volume_4b_Appendix_5_2_of_13.pdf,20230006_Lava_Ridge_DEIS_Volume_4b_Appendix_5_2_of_13.pdf,31127714,PDF has 0 pages
2023/20230110_Appendix_L_-_Historic_Resources_Part_3.pdf,20230110_Appendix_L_-_Historic_Resources_Part_3.pdf,24328408,PDF has 0 pages
2023/20230076_Appendix_G_-_Combined.pdf,20230076_Appendix_G_-_Combined.pdf,23222837,PDF has 0 pages
2023/20230006_Lava_Ridge_DEIS_Volume_4c_Appendix_5_3_of_13.pdf,20230006_Lava_Ridge_DEIS_Volume_4c_Appendix_5_3_of_13.pdf,17057684,PDF has 0 pages
2023/20230114_Revised_DEIS_for_the_Expansion_and_Modernization_of_the_RHC_LPOE_and_Proposed_Commerc.pdf,20230114_Revised_DEIS_for_the_Expansion_and_Modernization_of_the_RHC_LPOE_and_Proposed_Commerc.pdf,25450607,PDF has 0 pages
2023/20230110_Appendix_R_-_Traffic_Noise.pdf,20230110_Appendix_R_-_Traffic_Noise.pdf,7902776,PDF has 0 pages
2023/20230090_Tampa_Harbor_NIS_Draft_Integrated_GRR_EIS_Appendix_A.pdf,20230090_Tampa_Harbor_NIS_Draft_Integrated_GRR_EIS_Appendix_A.pdf,23692067,PDF has 0 pages
2023/20230110_Appendix_P_-_Air_Quality2.pdf,20230110_Appendix_P_-_Air_Quality2.pdf,27969893,PDF has 0 pages
2023/20230110_Appendix_L_-_Historic_Resources_Part_4.pdf,20230110_Appendix_L_-_Historic_Resources_Part_4.pdf,29092088,PDF has 0 pages
2023/20230125_I-15_DEIS_03M_Aquatic_Resources_Delineation_Report.pdf,20230125_I-15_DEIS_03M_Aquatic_Resources_Delineation_Report.pdf,20862506,PDF has 0 pages
2023/20230092_Volume_IV_Appendix_C_Part_2_of_2.pdf,20230092_Volume_IV_Appendix_C_Part_2_of_2.pdf,59218048,PDF has 0 pages
2023/20230159_Appendix_K_Visual_Resources_KOPs_N1_to_N13_Cross-Tie_500kV_Transmission_Project_EIS.pdf,20230159_Appendix_K_Visual_Resources_KOPs_N1_to_N13_Cross-Tie_500kV_Transmission_Project_EIS.pdf,23576576,PDF has 0 pages
2023/20230177_ANCSA17d1_DEIS_Appendix_G_Subsistence_Technical_Appendix_508.pdf,20230177_ANCSA17d1_DEIS_Appendix_G_Subsistence_Technical_Appendix_508.pdf,26396048,PDF has 0 pages
2023/20230118_AppendixAA-Stakeholder_Meeting_and_Correspondence.pdf,20230118_AppendixAA-Stakeholder_Meeting_and_Correspondence.pdf,21449235,PDF has 0 pages
2023/20230118_Appendix_S-Properties_of_Environmental_Concern.pdf,20230118_Appendix_S-Properties_of_Environmental_Concern.pdf,19796738,PDF has 0 pages
2023/20230089_Bowers_Hill_Interchange_Improvements_Study_Natural_Resources_Technical_Report_Appendix_G.pdf,20230089_Bowers_Hill_Interchange_Improvements_Study_Natural_Resources_Technical_Report_Appendix_G.pdf,22163212,PDF has 0 pages
2023/20230054_4FRI_Rim_Country_Project_Final_Environmental_Impact_Statement_Volume_2.pdf,20230054_4FRI_Rim_Country_Project_Final_Environmental_Impact_Statement_Volume_2.pdf,13603,Invalid header: b'\n\n\t<!'
2023/20230054_4FRI_Rim_Country_Project_Final_Environmental_Impact_Statement_Volume_3.pdf,20230054_4FRI_Rim_Country_Project_Final_Environmental_Impact_Statement_Volume_3.pdf,13603,Invalid header: b'\n\n\t<!'
2023/20230005_North_Dakota_Resource_Management_Plan_Revision_Volume_2_508.pdf,20230005_North_Dakota_Resource_Management_Plan_Revision_Volume_2_508.pdf,18658850,PDF has 0 pages
2023/20230127_Draft_Grizzly_Bear_Restoration_Plan-Environmental_Impact_Statement_North_Cascades_Ecosystem_Sept_2023.pdf,20230127_Draft_Grizzly_Bear_Restoration_Plan-Environmental_Impact_Statement_North_Cascades_Ecosystem_Sept_2023.pdf,21229768,PDF has 0 pages
2023/20230118_Volume_III-Environmental_Atlas_Alternative_B.pdf,20230118_Volume_III-Environmental_Atlas_Alternative_B.pdf,21706674,PDF has 0 pages
2023/20230054_4FRI_Rim_Country_Project_Final_Environmental_Impact_Statement_Volume_1.pdf,20230054_4FRI_Rim_Country_Project_Final_Environmental_Impact_Statement_Volume_1.pdf,13603,Invalid header: b'\n\n\t<!'
2023/20230158_BigGame_RMPA-EIS_Vol3_20231101_508.pdf,20230158_BigGame_RMPA-EIS_Vol3_20231101_508.pdf,53310168,PDF has 0 pages
2023/20230110_Mobility35_Capital_Express_Central_Combined_ROD_and_FEIS.pdf,20230110_Mobility35_Capital_Express_Central_Combined_ROD_and_FEIS.pdf,24227635,PDF has 0 pages
2023/20230006_Lava_Ridge_DEIS_Volume_4i_Appendix_5_9_of_13.pdf,20230006_Lava_Ridge_DEIS_Volume_4i_Appendix_5_9_of_13.pdf,19813212,PDF has 0 pages
2023/20230110_Appendix_Q_-_Hazardous_Materials.pdf,20230110_Appendix_Q_-_Hazardous_Materials.pdf,23270080,PDF has 0 pages
2023/20230125_I-15_DEIS_03B_Property_Impact_Figures.pdf,20230125_I-15_DEIS_03B_Property_Impact_Figures.pdf,19415445,PDF has 0 pages
2023/20230006_Lava_Ridge_DEIS_Volume_4h_Appendix_5_8_of_13.pdf,20230006_Lava_Ridge_DEIS_Volume_4h_Appendix_5_8_of_13.pdf,19096186,PDF has 0 pages
2023/20230104_Volume_1_Rock_Springs_RMP_Revision_Draft_EIS_v2.pdf,20230104_Volume_1_Rock_Springs_RMP_Revision_Draft_EIS_v2.pdf,19566187,PDF has 0 pages
2023/20230116_Coastal_Plain_Draft_SEIS_Vol2_508.pdf,20230116_Coastal_Plain_Draft_SEIS_Vol2_508.pdf,22257897,PDF has 0 pages
2023/20230164_Vol_2_Part_2_of_2_App_E-G_MHAO_FEIS_508.pdf,20230164_Vol_2_Part_2_of_2_App_E-G_MHAO_FEIS_508.pdf,27660269,PDF has 0 pages
2023/20230151_100512_FEIS_AppendicesK-N_2023-10-24.pdf,20230151_100512_FEIS_AppendicesK-N_2023-10-24.pdf,25437066,PDF has 0 pages
2023/20230166_App_D-1_Existing_Conditions_HH_Report.pdf,20230166_App_D-1_Existing_Conditions_HH_Report.pdf,18602780,PDF has 0 pages
2023/20230158_Big_Game_RMPA_EIS_Vol2_Part1_508.pdf,20230158_Big_Game_RMPA_EIS_Vol2_Part1_508.pdf,19629356,PDF has 0 pages
2024/20240190_EIAMDGUAMEISVOLUME6.pdf,20240190_EIAMDGUAMEISVOLUME6.pdf,22028595,PDF has 0 pages
2024/20240133_I-710_CorridorProject_FinalEIR-EIS_Vol-5A_AppUVp1.pdf,20240133_I-710_CorridorProject_FinalEIR-EIS_Vol-5A_AppUVp1.pdf,12983370,PDF has 0 pages
2024/20240011_SFWCFS_DIFR_EIS_Appendix_B.4InteriorDrainage_B.5Groundwater.pdf,20240011_SFWCFS_DIFR_EIS_Appendix_B.4InteriorDrainage_B.5Groundwater.pdf,39928675,PDF has 0 pages
2024/20240154_2024_Final_Solar_Programmatic_EIS_Vol_2_App_H_Part_2_508_compliant.pdf,20240154_2024_Final_Solar_Programmatic_EIS_Vol_2_App_H_Part_2_508_compliant.pdf,27209346,PDF has 0 pages
2024/20240111_Appendix_A-3_Transportation.pdf,20240111_Appendix_A-3_Transportation.pdf,23947695,PDF has 0 pages
2024/20240003_App_A_WDMP_Scoping_Report.pdf,20240003_App_A_WDMP_Scoping_Report.pdf,27081511,PDF has 0 pages
2024/20240209_appendix-a1.pdf,20240209_appendix-a1.pdf,22917073,PDF has 0 pages
2024/20240088_061_PB_03.6_AppxA_P2K_PEPD_RECORD_SET_High_Risk_Report-a11y.pdf,20240088_061_PB_03.6_AppxA_P2K_PEPD_RECORD_SET_High_Risk_Report-a11y.pdf,25011899,PDF has 0 pages
2024/20240140_Public_Draft_EIS_AZ_SUA_Optimization_August_2024_Appendices_2.pdf,20240140_Public_Draft_EIS_AZ_SUA_Optimization_August_2024_Appendices_2.pdf,17835867,PDF has 0 pages
2024/20240093_Appendix_H-10_-_Ecology_Resources_Survey_and_Assessment_of_Effects_Report_-_Addendum_1_Part4.pdf,20240093_Appendix_H-10_-_Ecology_Resources_Survey_and_Assessment_of_Effects_Report_-_Addendum_1_Part4.pdf,21849510,PDF has 0 pages
2024/20240188_2024-09-27_EIS_McClellanville_appendices_only.pdf,20240188_2024-09-27_EIS_McClellanville_appendices_only.pdf,19178941,PDF has 0 pages
2024/20240100_Lava_Ridge_FEIS_V1_ExecSum_EIS_Chapters_App9_and_App15_508.pdf,20240100_Lava_Ridge_FEIS_V1_ExecSum_EIS_Chapters_App9_and_App15_508.pdf,17026648,PDF has 0 pages
2024/20240088_102_PEPD_Record_Set_Addendum_SR14A_E1A_E2A_Utility_Relocation_Plans-a11y.pdf,20240088_102_PEPD_Record_Set_Addendum_SR14A_E1A_E2A_Utility_Relocation_Plans-a11y.pdf,23474628,PDF has 0 pages
2024/20240041_Empire_Wind_FEIS_Pt2.pdf,20240041_Empire_Wind_FEIS_Pt2.pdf,7189376,PDF has 0 pages
2024/20240190_EIAMDGUAMEISVOLUME5.pdf,20240190_EIAMDGUAMEISVOLUME5.pdf,20082503,PDF has 0 pages
2024/20240168_20d_WSLE_FinalEIS_AppendixN5_HistoricArchTechReport_Attachment_G.pdf,20240168_20d_WSLE_FinalEIS_AppendixN5_HistoricArchTechReport_Attachment_G.pdf,5226,PDF has 0 pages
2024/20240069_ATLR_at_PTA_SDEIS_V2.pdf,20240069_ATLR_at_PTA_SDEIS_V2.pdf,24960000,PDF has 0 pages
2024/20240100_Lava_Ridge_FEIS_V4e_App5_508.pdf,20240100_Lava_Ridge_FEIS_V4e_App5_508.pdf,21175376,PDF has 0 pages
2024/20240088_104_PEPD_Record_Set_REV02_Utility_Relocation_Plans_Volume_II_of_II-a11y.pdf,20240088_104_PEPD_Record_Set_REV02_Utility_Relocation_Plans_Volume_II_of_II-a11y.pdf,16439339,PDF has 0 pages
2024/20240081_Miles_City_Field_Office_Final_Supplemental_Environmental_Impact_Statement_and_Proposed_Resource_Management_Plan.pdf,20240081_Miles_City_Field_Office_Final_Supplemental_Environmental_Impact_Statement_and_Proposed_Resource_Management_Plan.pdf,8167277,PDF has 0 pages
2024/20240154_2024_Final_Solar_Programmatic_EIS_Vol_2_Appendix_F_508_compliant.pdf,20240154_2024_Final_Solar_Programmatic_EIS_Vol_2_Appendix_F_508_compliant.pdf,16407922,PDF has 0 pages
2024/20240025_Draft_Air_National_Guard_F-15_EX_Eagle_II_F-35A_Lighting_II_Operational_Beddown_EIS_Appendices.pdf,20240025_Draft_Air_National_Guard_F-15_EX_Eagle_II_F-35A_Lighting_II_Operational_Beddown_EIS_Appendices.pdf,7691584,PDF has 0 pages
2024/20240041_Empire_Wind_FEIS_Pt1.pdf,20240041_Empire_Wind_FEIS_Pt1.pdf,22004980,PDF has 0 pages
2024/20240087_Appendix_D.3_NHPA_Compliance.pdf,20240087_Appendix_D.3_NHPA_Compliance.pdf,8280636,PDF has 0 pages
2024/20240111_Appendix_A-5_Noise_and_Vibration_Technical_Report.pdf,20240111_Appendix_A-5_Noise_and_Vibration_Technical_Report.pdf,23478047,Corrupt: Failed to open file '/Users/tscott1/Documents/GitHub/eis_documents/enepa_repository/box_files/documents/2024/20240111_Appendix_A-5_Noise_and_Vibration_Technical_Report.pdf'.
2024/20240164_AFTT_DEIS_Volume_I_Draft_Supplemental_EIS.pdf,20240164_AFTT_DEIS_Volume_I_Draft_Supplemental_EIS.pdf,24515857,PDF has 0 pages
2024/20240203_Vol-2-AppendixW-X.pdf,20240203_Vol-2-AppendixW-X.pdf,24675213,PDF has 0 pages
2024/20240088_043_PB_02.0_AppxA_RoadwayAndGradeSeparationPlans_a11y_v3.pdf,20240088_043_PB_02.0_AppxA_RoadwayAndGradeSeparationPlans_a11y_v3.pdf,23180400,PDF has 0 pages
2024/20240193_Draft_EIS_November_2024_Ready_for_Publication_1.pdf,20240193_Draft_EIS_November_2024_Ready_for_Publication_1.pdf,19157075,PDF has 0 pages
2024/20240103_Appendix_P_-_BLM_Visual_Information_Part11.pdf,20240103_Appendix_P_-_BLM_Visual_Information_Part11.pdf,15926946,PDF has 0 pages
2024/20240075_Final_EIS_for_T-7A_Recap_at_Columbus_AFB_15April2024.pdf,20240075_Final_EIS_for_T-7A_Recap_at_Columbus_AFB_15April2024.pdf,19794590,PDF has 0 pages
2024/20240031_Appendices_H5-H9_to_the_Kingston_Fossil_Plant_Retirement_Final_Environmental_Impact_Statement.pdf,20240031_Appendices_H5-H9_to_the_Kingston_Fossil_Plant_Retirement_Final_Environmental_Impact_Statement.pdf,20346901,PDF has 0 pages
2024/20240086_Juniper_FEIS_Vol_1_WEB.pdf,20240086_Juniper_FEIS_Vol_1_WEB.pdf,24884844,PDF has 0 pages
2024/20240088_105_PEPD_Record_Set_Addendum_SR14A_E1A_E2A_Tunnel_Plans-a11y.pdf,20240088_105_PEPD_Record_Set_Addendum_SR14A_E1A_E2A_Tunnel_Plans-a11y.pdf,31748908,PDF has 0 pages
2024/20240241_Appendix_K_-_Traffic_Analyses.pdf,20240241_Appendix_K_-_Traffic_Analyses.pdf,17000727,PDF has 0 pages
2024/20240093_Appendix_H-10_-_Ecology_Resources_Survey_and_Assessment_of_Effects_Report_-_Addendum_1_Part2.pdf,20240093_Appendix_H-10_-_Ecology_Resources_Survey_and_Assessment_of_Effects_Report_-_Addendum_1_Part2.pdf,21393726,PDF has 0 pages
2024/20240163_Historic_Built_Environment_Appendix_C_-_OR_DOEs.pdf,20240163_Historic_Built_Environment_Appendix_C_-_OR_DOEs.pdf,38105377,PDF has 0 pages
2024/20240207_Base_Seattle_Modernization_Final_PEIS_Volume_2_Appendices_November_2024.pdf,20240207_Base_Seattle_Modernization_Final_PEIS_Volume_2_Appendices_November_2024.pdf,23950121,PDF has 0 pages
2024/20240190_EIAMDGUAMEISVOLUME3.pdf,20240190_EIAMDGUAMEISVOLUME3.pdf,42096595,PDF has 0 pages
2024/20240240_NJBB_Appendix_C_Economics.pdf,20240240_NJBB_Appendix_C_Economics.pdf,22923249,PDF has 0 pages
2024/20240038_BENM_DraftRMP-EIS_Vol2_508.pdf,20240038_BENM_DraftRMP-EIS_Vol2_508.pdf,26123248,PDF has 0 pages
2024/20240111_Appendix_A-5_Physical_and_Environmental_Analysis.pdf,20240111_Appendix_A-5_Physical_and_Environmental_Analysis.pdf,21126018,PDF has 0 pages
2024/20240017_Sentinel_GBSD_FEIS_-_Volume_I_Final_EIS_March_2023.pdf,20240017_Sentinel_GBSD_FEIS_-_Volume_I_Final_EIS_March_2023.pdf,25779152,PDF has 0 pages
2024/20240115_Appendix_S_Onshore_Pipeline_Map_Series_Veg_Communities_FEIS_July2024_508.pdf,20240115_Appendix_S_Onshore_Pipeline_Map_Series_Veg_Communities_FEIS_July2024_508.pdf,16262574,PDF has 0 pages
2024/20240064_Volume_I_New_England_Wind_Final_EIS.pdf,20240064_Volume_I_New_England_Wind_Final_EIS.pdf,27148775,PDF has 0 pages
2024/20240209_appendix-a4.pdf,20240209_appendix-a4.pdf,22287681,PDF has 0 pages
2024/20240100_Lava_Ridge_FEIS_V4d_App5_508.pdf,20240100_Lava_Ridge_FEIS_V4d_App5_508.pdf,22309564,PDF has 0 pages
2024/20240021_Final_ORAM_EIS_Feb24_Vol_III_-_Appendix_F.pdf,20240021_Final_ORAM_EIS_Feb24_Vol_III_-_Appendix_F.pdf,7761402,PDF has 0 pages
2024/20240008_Final_EIS_LOCAR_for_Section_203_Study.pdf,20240008_Final_EIS_LOCAR_for_Section_203_Study.pdf,5532104,PDF has 0 pages
2024/20240087_Appendix_C_Environmental_Effects_combined.pdf,20240087_Appendix_C_Environmental_Effects_combined.pdf,20443523,PDF has 0 pages
2024/20240093_Appendix_H-10_-_Ecology_Resources_Survey_and_Assessment_of_Effects_Report_-_Addendum_1_Part1.pdf,20240093_Appendix_H-10_-_Ecology_Resources_Survey_and_Assessment_of_Effects_Report_-_Addendum_1_Part1.pdf,7945500,PDF has 0 pages
2024/20240185_EISforLowerLittleTallapoosaRiver25A-WatershedPlanAppendixA-D.pdf,20240185_EISforLowerLittleTallapoosaRiver25A-WatershedPlanAppendixA-D.pdf,43414258,PDF has 0 pages
2024/20240169_6_Sept_2024_BOTA_Draft_Section_2.0.pdf,20240169_6_Sept_2024_BOTA_Draft_Section_2.0.pdf,20991864,PDF has 0 pages
2024/20240229_Rhyolite_Ridge_FEIS_-_20240913_508r.pdf,20240229_Rhyolite_Ridge_FEIS_-_20240913_508r.pdf,18196393,PDF has 0 pages
2024/20240160_02_SGP_feis_chap3a_affected_env.pdf,20240160_02_SGP_feis_chap3a_affected_env.pdf,18387685,PDF has 0 pages
2024/20240163_Hazardous_Materials_Technical_Report.pdf,20240163_Hazardous_Materials_Technical_Report.pdf,19145114,PDF has 0 pages
2024/20240168_21p_WSLE_FinalEIS_AppendixO.2.5.1_FormLetters_SeattleSubway_Part4.pdf,20240168_21p_WSLE_FinalEIS_AppendixO.2.5.1_FormLetters_SeattleSubway_Part4.pdf,53715,PDF has 0 pages
2024/20240113_Appendix_A_-_Typical_Sections_and_Plans.pdf,20240113_Appendix_A_-_Typical_Sections_and_Plans.pdf,20255469,PDF has 0 pages
2024/20240144_RPFO_Vol4_20240705_508.pdf,20240144_RPFO_Vol4_20240705_508.pdf,19084478,PDF has 0 pages
2024/20240182_Organ_Mountains_Desert_Peaks_National_Monument_Final_EIS_Proposed_RMP.pdf,20240182_Organ_Mountains_Desert_Peaks_National_Monument_Final_EIS_Proposed_RMP.pdf,20677913,PDF has 0 pages
2024/20240171_Appendix_I_Attachment_5D_KOP_Cumulative_Assessment_Visual_Simulations_508.pdf,20240171_Appendix_I_Attachment_5D_KOP_Cumulative_Assessment_Visual_Simulations_508.pdf,26319141,PDF has 0 pages
2024/20240022_Sentinel_GBSD_FEIS_-_Volume_I_Final_EIS_March_2023.pdf,20240022_Sentinel_GBSD_FEIS_-_Volume_I_Final_EIS_March_2023.pdf,22056928,PDF has 0 pages
2024/20240052_Appendix_C_NHPA_WNY_PropLandAcq_Aug2023.pdf,20240052_Appendix_C_NHPA_WNY_PropLandAcq_Aug2023.pdf,19545278,PDF has 0 pages
2024/20240151_04_LCRCMP_Draft-DMMP-EIS_AppC_Hydraulic-Modeling.pdf,20240151_04_LCRCMP_Draft-DMMP-EIS_AppC_Hydraulic-Modeling.pdf,19287100,PDF has 0 pages
2024/20240045_Section_3_-_Existing_Conditions_Consequences_Mitigation.pdf,20240045_Section_3_-_Existing_Conditions_Consequences_Mitigation.pdf,28713755,PDF has 0 pages
2024/20240113_Appendix_O_-_Wetland_Rapid_Assessment_Methodology_Reports.pdf,20240113_Appendix_O_-_Wetland_Rapid_Assessment_Methodology_Reports.pdf,19893231,PDF has 0 pages
2024/20240047_PCCA_CDP_Final_EIS_March_2024_-_Appendix_L.pdf,20240047_PCCA_CDP_Final_EIS_March_2024_-_Appendix_L.pdf,26267952,PDF has 0 pages
2024/20240004_2023_Draft_Solar_PEIS_Appendix_H_1-10-2024_508compliant.pdf,20240004_2023_Draft_Solar_PEIS_Appendix_H_1-10-2024_508compliant.pdf,19158604,PDF has 0 pages
2024/20240240_NJBB_Appendix_B_Engineering.pdf,20240240_NJBB_Appendix_B_Engineering.pdf,77750305,PDF has 0 pages
2024/20240134_AtlanticShoresSouth_AppH_SLVIA_FEIS_AttachmentH1_Part1_508.pdf,20240134_AtlanticShoresSouth_AppH_SLVIA_FEIS_AttachmentH1_Part1_508.pdf,20615202,PDF has 0 pages
2024/20240103_1_Final_EIS_Proposed_Resource_Management_Plan_Amendments.pdf,20240103_1_Final_EIS_Proposed_Resource_Management_Plan_Amendments.pdf,25123988,PDF has 0 pages
2024/20240086_App_B_Detailed_Description_WEB.pdf,20240086_App_B_Detailed_Description_WEB.pdf,8228743,PDF has 0 pages
2024/20240144_RPFO_Vol3_20240710_508.pdf,20240144_RPFO_Vol3_20240710_508.pdf,16522742,PDF has 0 pages
2024/20240111_Appendix_A-4_Archaeological_and_Architectural_History_Reports.pdf,20240111_Appendix_A-4_Archaeological_and_Architectural_History_Reports.pdf,34214087,PDF has 0 pages
2024/20240240_NJBB_Appendix_I_Correspondence_and_Communication.pdf,20240240_NJBB_Appendix_I_Correspondence_and_Communication.pdf,19153876,PDF has 0 pages
2024/20240163_Visual_Quality_Technical_Report.pdf,20240163_Visual_Quality_Technical_Report.pdf,49955855,PDF has 0 pages
2024/20240151_01_LCRCMP_Draft-DMMP-EIS_Main-Report.pdf,20240151_01_LCRCMP_Draft-DMMP-EIS_Main-Report.pdf,27867923,PDF has 0 pages
2024/20240066_Final_SEIS_for_the_Land_Port_of_Entry_Modernization_and_Expansion_Project_at_International_Falls_MN.pdf,20240066_Final_SEIS_for_the_Land_Port_of_Entry_Modernization_and_Expansion_Project_at_International_Falls_MN.pdf,22516115,PDF has 0 pages
2024/20240087_Appendix_D.2_USFWS_NMFS_Compliance.pdf,20240087_Appendix_D.2_USFWS_NMFS_Compliance.pdf,31706020,PDF has 0 pages
2024/20240098_2-Appendix_A-Scoping_Report.pdf,20240098_2-Appendix_A-Scoping_Report.pdf,21370387,PDF has 0 pages
2024/20240168_16a_WSLE_FinalEIS_AppendixN1_TransportationTechReport_Main_Body.pdf,20240168_16a_WSLE_FinalEIS_AppendixN1_TransportationTechReport_Main_Body.pdf,15838593,PDF has 0 pages
2024/20240202_James_sEIS_AppendixC_Nov2024_508compliant.pdf,20240202_James_sEIS_AppendixC_Nov2024_508compliant.pdf,21519955,PDF has 0 pages
2024/20240172_Annex_A_ESA_Compliance_Final-508.pdf,20240172_Annex_A_ESA_Compliance_Final-508.pdf,22095664,PDF has 0 pages
2024/20240113_Section_4_-_Section_4f_and_Section_6f_Evaluation.pdf,20240113_Section_4_-_Section_4f_and_Section_6f_Evaluation.pdf,18788112,PDF has 0 pages
2024/20240179_BENM_ProposedRMP-FEIS_Vol2_AppendicesA-T_508.pdf,20240179_BENM_ProposedRMP-FEIS_Vol2_AppendicesA-T_508.pdf,18996208,PDF has 0 pages
2024/20240120_Eglin_CDC_EIS_Draft.pdf,20240120_Eglin_CDC_EIS_Draft.pdf,25992715,PDF has 0 pages
2024/20240088_101_PEPD_Record_Set_REV02_Grading_and_Drainage_Plans-a11y.pdf,20240088_101_PEPD_Record_Set_REV02_Grading_and_Drainage_Plans-a11y.pdf,26486703,PDF has 0 pages
2024/20240045_Appendix_B_-_Traffic_Analysis.pdf,20240045_Appendix_B_-_Traffic_Analysis.pdf,33916509,PDF has 0 pages
2024/20240240_NJBB_Appendix_A_PlanFormulation.pdf,20240240_NJBB_Appendix_A_PlanFormulation.pdf,27366807,PDF has 0 pages
2024/20240232_PNMS_AppK-1_Final_1.pdf,20240232_PNMS_AppK-1_Final_1.pdf,15768959,PDF has 0 pages
2024/20240188_2024-09-27_EIS_McClellanville_remediated.pdf,20240188_2024-09-27_EIS_McClellanville_remediated.pdf,31207848,PDF has 0 pages
2024/20240231_11a_TDLE_DEIS_Appendix_J5_Attachments_J5.1_to_J5.5.pdf,20240231_11a_TDLE_DEIS_Appendix_J5_Attachments_J5.1_to_J5.5.pdf,23611414,PDF has 0 pages
2024/20240088_010_PB_03.02_Transportation_A11Y.pdf,20240088_010_PB_03.02_Transportation_A11Y.pdf,18764776,PDF has 0 pages
2024/20240171_Appendix_I_Attachment_5B_KOP_Cumulative_Assessment_Visual_Simulations_508.pdf,20240171_Appendix_I_Attachment_5B_KOP_Cumulative_Assessment_Visual_Simulations_508.pdf,22576157,PDF has 0 pages
2024/20240057_Appendix_I_Attachment_5A_KOP_Cumulative_Assessment_Visual_Simulations_508.pdf,20240057_Appendix_I_Attachment_5A_KOP_Cumulative_Assessment_Visual_Simulations_508.pdf,25150431,PDF has 0 pages
2024/20240235_Appendix_I_Agency_Coordination.pdf,20240235_Appendix_I_Agency_Coordination.pdf,16906606,PDF has 0 pages
2024/20240168_10_WSLE_FinalEIS_AppendixH_Section4fEvaluation.pdf,20240168_10_WSLE_FinalEIS_AppendixH_Section4fEvaluation.pdf,23547254,PDF has 0 pages
2024/20240100_Lava_Ridge_FEIS_V3_Apps2-4_and_6-8_and_10-13_508.pdf,20240100_Lava_Ridge_FEIS_V3_Apps2-4_and_6-8_and_10-13_508.pdf,18295132,PDF has 0 pages
2024/20240168_20c_WSLE_FinalEIS_AppendixN5_HistoricArchTechReport_Attachment_F.pdf,20240168_20c_WSLE_FinalEIS_AppendixN5_HistoricArchTechReport_Attachment_F.pdf,22113876,PDF has 0 pages
2024/20240231_11b_TDLE_DEIS_Appendix_J5_Attachments_J5.6_to_J5.13.pdf,20240231_11b_TDLE_DEIS_Appendix_J5_Attachments_J5.6_to_J5.13.pdf,20037519,PDF has 0 pages
2024/20240163_Historic_Built_Environment_Appendix_C_-_WA_DOEs.pdf,20240163_Historic_Built_Environment_Appendix_C_-_WA_DOEs.pdf,22338755,PDF has 0 pages
2024/20240234_Draft_Gulf_of_Mexico_Oil_and_Gas_Programmatic_EIS_508Compliant.pdf,20240234_Draft_Gulf_of_Mexico_Oil_and_Gas_Programmatic_EIS_508Compliant.pdf,14261994,PDF has 0 pages
2024/20240022_Sentinel_GBSD_FEIS_-_Volume_II_Final_EIS_Appendices_March_2023.pdf,20240022_Sentinel_GBSD_FEIS_-_Volume_II_Final_EIS_Appendices_March_2023.pdf,7786762,PDF has 0 pages
2024/20240102_Appendix_B_Public_Scoping_and_Engagement_remediated.pdf,20240102_Appendix_B_Public_Scoping_and_Engagement_remediated.pdf,19546535,PDF has 0 pages
2024/20240088_099_PEPD_Record_Set_REV02_Bridges_and_Elevated_Structures_Plans-a11y.pdf,20240088_099_PEPD_Record_Set_REV02_Bridges_and_Elevated_Structures_Plans-a11y.pdf,32100558,PDF has 0 pages
2024/20240079_FEIS-Amendment_15_HMS_FMP.pdf,20240079_FEIS-Amendment_15_HMS_FMP.pdf,22849085,PDF has 0 pages
2024/20240143_NDRMP_PRMP_FEIS_Vol3_508.pdf,20240143_NDRMP_PRMP_FEIS_Vol3_508.pdf,31364212,PDF has 0 pages
2024/20240125_App_C_-_Support_Maps.pdf,20240125_App_C_-_Support_Maps.pdf,6716270,PDF has 0 pages
2024/20240109_NCIP_PRMP_FEISv3_Volume-3_20240524_508.pdf,20240109_NCIP_PRMP_FEISv3_Volume-3_20240524_508.pdf,17990494,PDF has 0 pages
2024/20240121_3_Koi_Nation_Shiloh_Casino_DEIS_App_B-E.pdf,20240121_3_Koi_Nation_Shiloh_Casino_DEIS_App_B-E.pdf,17284799,PDF has 0 pages
2024/20240103_Appendix_V_-_Cultural_Resources_and_Section_106_Compliance_Part3.pdf,20240103_Appendix_V_-_Cultural_Resources_and_Section_106_Compliance_Part3.pdf,18715404,Corrupt: Failed to open file '/Users/tscott1/Documents/GitHub/eis_documents/enepa_repository/box_files/documents/2024/20240103_Appendix_V_-_Cultural_Resources_and_Section_106_Compliance_Part3.pdf'.
2024/20240203_Vol-2-AppendixY-PartA.pdf,20240203_Vol-2-AppendixY-PartA.pdf,20940939,PDF has 0 pages
2024/20240057_Appendix_I_Attachment_5D_KOP_Cumulative_Assessment_Visual_Simulations_508.pdf,20240057_Appendix_I_Attachment_5D_KOP_Cumulative_Assessment_Visual_Simulations_508.pdf,30666469,PDF has 0 pages
2024/20240041_Empire_Wind_FEIS_Pt3c_Vol_6_App_E_to_Q.pdf,20240041_Empire_Wind_FEIS_Pt3c_Vol_6_App_E_to_Q.pdf,21452950,PDF has 0 pages
2024/20240117_02_Appendix_A_Figures_508.pdf,20240117_02_Appendix_A_Figures_508.pdf,22046875,PDF has 0 pages
2024/20240181_I-15_FEIS_03N_Hot-spot_Tech_Report.pdf,20240181_I-15_FEIS_03N_Hot-spot_Tech_Report.pdf,18721474,PDF has 0 pages
2024/20240167_Cross-Tie_500kV_Transmission_Project_Final_EIS_AppendixB-AppendixK_508_1.pdf,20240167_Cross-Tie_500kV_Transmission_Project_Final_EIS_AppendixB-AppendixK_508_1.pdf,33758636,PDF has 0 pages
2024/20240240_NJBB_Appendix_G2_NBS_PhaseII.pdf,20240240_NJBB_Appendix_G2_NBS_PhaseII.pdf,21506156,PDF has 0 pages
2024/20240203_Vol-2-AppendixY-PartC.pdf,20240203_Vol-2-AppendixY-PartC.pdf,21081095,PDF has 0 pages
2024/20240115_Appendix_E_Onshore_Components_MapSeries_Wetlands_FEIS_July2024_508.pdf,20240115_Appendix_E_Onshore_Components_MapSeries_Wetlands_FEIS_July2024_508.pdf,24017888,PDF has 0 pages
2024/20240133_I-710_CorridorProject_FinalEIR-EIS_Vol-4B_AppST.pdf,20240133_I-710_CorridorProject_FinalEIR-EIS_Vol-4B_AppST.pdf,5953564,PDF has 0 pages
2024/20240093_Appendix_H-5_-_Cultural_Resources_Assessment_of_Effects_Report_and_Addenda_Part2.pdf,20240093_Appendix_H-5_-_Cultural_Resources_Assessment_of_Effects_Report_and_Addenda_Part2.pdf,9857309,PDF has 0 pages
2024/20240049_Appendix_F3a_Comments_on_the_DEIS_WUS_FEIS_Part_1_508c.pdf,20240049_Appendix_F3a_Comments_on_the_DEIS_WUS_FEIS_Part_1_508c.pdf,22933148,PDF has 0 pages
2024/20240094_2_OMFS_FEIS_App_C_Plans_D_Midway_G1_Transpo_G2_Noise.pdf,20240094_2_OMFS_FEIS_App_C_Plans_D_Midway_G1_Transpo_G2_Noise.pdf,22260632,PDF has 0 pages
2024/20240221_2_Koi_Nation_Shiloh_Casino_DEIS_App_A-B.pdf,20240221_2_Koi_Nation_Shiloh_Casino_DEIS_App_A-B.pdf,30817799,PDF has 0 pages
2024/20240127_BigGame_PRMPA-FEIS_Vol2_Part1_508.pdf,20240127_BigGame_PRMPA-FEIS_Vol2_Part1_508.pdf,20680068,PDF has 0 pages
2024/20240061_OMDPNM_DEIS_20240327_508.pdf,20240061_OMDPNM_DEIS_20240327_508.pdf,21572374,PDF has 0 pages
2024/20240203_Vol-2-AppendixT.pdf,20240203_Vol-2-AppendixT.pdf,20983401,PDF has 0 pages
2024/20240045_94_E-W_Supporting_Documentation_-_1_of_4.pdf,20240045_94_E-W_Supporting_Documentation_-_1_of_4.pdf,16919790,PDF has 0 pages
2024/20240203_Vol-2-AppendixY-PartB.pdf,20240203_Vol-2-AppendixY-PartB.pdf,28980443,PDF has 0 pages
2024/20240118_Albion_River_Bridge_Project_DED_Appendices.pdf,20240118_Albion_River_Bridge_Project_DED_Appendices.pdf,15459714,PDF has 0 pages
2024/20240163_Ecosystems_Technical_Report.pdf,20240163_Ecosystems_Technical_Report.pdf,20151609,PDF has 0 pages
2024/20240054_3_Redding_Rancheria_Final_EIS_Volume_II_Appendices_February_2024.pdf,20240054_3_Redding_Rancheria_Final_EIS_Volume_II_Appendices_February_2024.pdf,23503338,PDF has 0 pages
2024/20240211_lto-eis-appendix-g-water-quality-attach-1-ec.pdf,20240211_lto-eis-appendix-g-water-quality-attach-1-ec.pdf,20065270,PDF has 0 pages
2024/20240057_Appendix_I_Attachment_5C_KOP_Cumulative_Assessment_Visual_Simulations_508_1.pdf,20240057_Appendix_I_Attachment_5C_KOP_Cumulative_Assessment_Visual_Simulations_508_1.pdf,59933179,PDF has 0 pages
2024/20240133_I-710_CorridorProject_FinalEIR-EIS_Vol-3_AppLtoO.pdf,20240133_I-710_CorridorProject_FinalEIR-EIS_Vol-3_AppLtoO.pdf,7072483,PDF has 0 pages
2024/20240115_Appendix_Z_Onshore_Oil_Spill_Modeling_Analysis_FEIS_July2024_508.pdf,20240115_Appendix_Z_Onshore_Oil_Spill_Modeling_Analysis_FEIS_July2024_508.pdf,18533758,PDF has 0 pages
2024/20240053_James_sEIS_AppendixB_Mar2024_508.pdf,20240053_James_sEIS_AppendixB_Mar2024_508.pdf,18785846,PDF has 0 pages
2024/20240221_9_Koi_Nation_Shiloh_Casino_DEIS_App_P_Part_4.pdf,20240221_9_Koi_Nation_Shiloh_Casino_DEIS_App_P_Part_4.pdf,23409276,PDF has 0 pages
2024/20240118_Albion_River_Bridge_Project_DED.pdf,20240118_Albion_River_Bridge_Project_DED.pdf,22752171,PDF has 0 pages
2024/20240065_24_03_28_KC-46A_MOB_5_Volume_II_Final_EIS_Appendices.pdf,20240065_24_03_28_KC-46A_MOB_5_Volume_II_Final_EIS_Appendices.pdf,8494696,PDF has 0 pages
2024/20240214_15_Appendix_E_Road_Design_508_DSEIS.pdf,20240214_15_Appendix_E_Road_Design_508_DSEIS.pdf,21851487,PDF has 0 pages
2024/20240203_US6219_Section050_Transportation_Improvement_Project_DEIS_Vol-1.pdf,20240203_US6219_Section050_Transportation_Improvement_Project_DEIS_Vol-1.pdf,21717665,PDF has 0 pages
2024/20240168_14_WSLE_FinalEIS_AppendixL_SupportingInformation.pdf,20240168_14_WSLE_FinalEIS_AppendixL_SupportingInformation.pdf,19432676,PDF has 0 pages
2024/20240055_Appendix_D_Response_to_Comments_Received_on_the_Draft_EIS-EIR_Part_1.pdf,20240055_Appendix_D_Response_to_Comments_Received_on_the_Draft_EIS-EIR_Part_1.pdf,85503902,PDF has 0 pages
2024/20240031_Appendices_H1-H4_to_the_Kingston_Fossil_Plant_Retirement_Final_Environmental_Impact_Statement.pdf,20240031_Appendices_H1-H4_to_the_Kingston_Fossil_Plant_Retirement_Final_Environmental_Impact_Statement.pdf,24648242,PDF has 0 pages
2024/20240122_Letcher_County_EIS_Appendices_with_Cover_E_thru_J_Part_2_July_2024.pdf,20240122_Letcher_County_EIS_Appendices_with_Cover_E_thru_J_Part_2_July_2024.pdf,12347791,PDF has 0 pages
2024/20240211_lto-loe-attachment-i8-particle-tracking-fate-model.pdf,20240211_lto-loe-attachment-i8-particle-tracking-fate-model.pdf,26099406,PDF has 0 pages
2024/20240133_I-710_CorridorProject_FinalEIR-EIS_Vol-2_AppAtoK.pdf,20240133_I-710_CorridorProject_FinalEIR-EIS_Vol-2_AppAtoK.pdf,93684722,PDF has 0 pages
2024/20240057_Appendix_I_Attachment_5B_KOP_Cumulative_Assessment_Visual_Simulations_508.pdf,20240057_Appendix_I_Attachment_5B_KOP_Cumulative_Assessment_Visual_Simulations_508.pdf,19769639,PDF has 0 pages
2024/20240088_024_PB_03.16_Aesthetics_a11y.pdf,20240088_024_PB_03.16_Aesthetics_a11y.pdf,30233352,PDF has 0 pages
2024/20240171_Appendix_I_Attachment_5A_KOP_Cumulative_Assessment_Visual_Simulations_508.pdf,20240171_Appendix_I_Attachment_5A_KOP_Cumulative_Assessment_Visual_Simulations_508.pdf,26141097,PDF has 0 pages
2024/20240047_PCCA_CDP_Final_EIS_March_2024_-_Appendix_B1_-_B5.pdf,20240047_PCCA_CDP_Final_EIS_March_2024_-_Appendix_B1_-_B5.pdf,22245972,PDF has 0 pages
2024/20240150_RSFO_RMP_Vol1.pdf,20240150_RSFO_RMP_Vol1.pdf,22097735,PDF has 0 pages
2024/20240046_Moody_Comp_Airspace_Final_EIS_Vol_II_Appendices_April_2023_A-B.pdf,20240046_Moody_Comp_Airspace_Final_EIS_Vol_II_Appendices_April_2023_A-B.pdf,22018098,PDF has 0 pages
2024/20240088_066_PB_03.7_AppxD_Jurisdictional_Aquatic_Resources_A11Y.pdf,20240088_066_PB_03.7_AppxD_Jurisdictional_Aquatic_Resources_A11Y.pdf,23400193,PDF has 0 pages
2024/20240146_Appendix_Q_Dry_Creek_Draft_EIS_Figures.pdf,20240146_Appendix_Q_Dry_Creek_Draft_EIS_Figures.pdf,22422944,PDF has 0 pages
2024/20240162_Draft_EIS_Volume_2_Appendix_A_-_Figures.pdf,20240162_Draft_EIS_Volume_2_Appendix_A_-_Figures.pdf,24950281,PDF has 0 pages
2024/20240146_Appendix_P_Dry_Creek_Draft_EIS_Visual_Contrast_Rating_Worksheets.pdf,20240146_Appendix_P_Dry_Creek_Draft_EIS_Visual_Contrast_Rating_Worksheets.pdf,13871666,PDF has 0 pages
2024/20240047_PCCA_CDP_Final_EIS_March_2024_-_Appendix_J2_-_Part_3.pdf,20240047_PCCA_CDP_Final_EIS_March_2024_-_Appendix_J2_-_Part_3.pdf,32045796,PDF has 0 pages
2024/20240031_Kingston_Fossil_Plant_Retirement_Environmental_Impact_Statement.pdf,20240031_Kingston_Fossil_Plant_Retirement_Environmental_Impact_Statement.pdf,31238615,PDF has 0 pages
2024/20240113_Appendix_N_-_Stream_Features_Worksheet_County_CS_Interchange.pdf,20240113_Appendix_N_-_Stream_Features_Worksheet_County_CS_Interchange.pdf,21733552,PDF has 0 pages
2024/20240055_Appendix_D_Response_to_Comments_Received_on_the_Draft_EIS-EIR_Part_2.pdf,20240055_Appendix_D_Response_to_Comments_Received_on_the_Draft_EIS-EIR_Part_2.pdf,26455716,PDF has 0 pages
2024/20240168_12_WSLE_FinalEIS_AppendixJ_Drawings.pdf,20240168_12_WSLE_FinalEIS_AppendixJ_Drawings.pdf,26525607,PDF has 0 pages
2024/20240235_Chapter_3_Affected_Environment.pdf,20240235_Chapter_3_Affected_Environment.pdf,24125258,PDF has 0 pages
2024/20240133_I-710_CorridorProject_FinalEIR-EIS_Vol-5B_AppVp2W.pdf,20240133_I-710_CorridorProject_FinalEIR-EIS_Vol-5B_AppVp2W.pdf,2467177,PDF has 0 pages
2024/20240163_Appendices_A_-_J.pdf,20240163_Appendices_A_-_J.pdf,27541852,PDF has 0 pages
2024/20240124_2024_Crow_Creek_Pipeline_Project_FSEIS.pdf,20240124_2024_Crow_Creek_Pipeline_Project_FSEIS.pdf,15964588,PDF has 0 pages
2024/20240181_I-15_FEIS_02A_Alts_Screening_Report.pdf,20240181_I-15_FEIS_02A_Alts_Screening_Report.pdf,25225609,PDF has 0 pages
2024/20240054_2_Redding_Rancheria_Final_EIS_Volume_II_Revised_EIS_Text_February_2024.pdf,20240054_2_Redding_Rancheria_Final_EIS_Volume_II_Revised_EIS_Text_February_2024.pdf,25062870,PDF has 0 pages
2024/20240074_Ambler-FinalSEIS_Volume4_508.pdf,20240074_Ambler-FinalSEIS_Volume4_508.pdf,23942134,PDF has 0 pages
2024/20240167_Cross-Tie_500kV_Transmission_Project_Final_EIS_Chapters1-4_508_1.pdf,20240167_Cross-Tie_500kV_Transmission_Project_Final_EIS_Chapters1-4_508_1.pdf,23951556,PDF has 0 pages
2024/20240211_lto-eis-appendix-f-modeling-part-03.pdf,20240211_lto-eis-appendix-f-modeling-part-03.pdf,26082633,PDF has 0 pages
2024/20240040_CVOW-C_FEIS_Volume_II_Appendices_A_to_M.pdf,20240040_CVOW-C_FEIS_Volume_II_Appendices_A_to_M.pdf,24672412,PDF has 0 pages
2024/20240103_Appendix_Q_-_NPS_VIA_Information_Part1.pdf,20240103_Appendix_Q_-_NPS_VIA_Information_Part1.pdf,19038858,PDF has 0 pages
2024/20240151_18_LCRCMP_Draft-DMMP-EIS_AppO_SEPA-Review.pdf,20240151_18_LCRCMP_Draft-DMMP-EIS_AppO_SEPA-Review.pdf,6768785,PDF has 0 pages
2024/20240166_Rhyolite_Ridge_FEIS_-_20240913_508r.pdf,20240166_Rhyolite_Ridge_FEIS_-_20240913_508r.pdf,32160871,PDF has 0 pages
2024/20240211_lto-eis-appendix-f-modeling-part-02.pdf,20240211_lto-eis-appendix-f-modeling-part-02.pdf,20035079,PDF has 0 pages
2024/20240100_Lava_Ridge_FEIS_V4f_App5_508.pdf,20240100_Lava_Ridge_FEIS_V4f_App5_508.pdf,19644656,PDF has 0 pages
2024/20240153_GSENM-ProposedRMP-FinalEIS_Vol3_508.pdf,20240153_GSENM-ProposedRMP-FinalEIS_Vol3_508.pdf,21976129,PDF has 0 pages
2024/20240088_006_PB_0_Summary_Simple_rev_a11y.pdf,20240088_006_PB_0_Summary_Simple_rev_a11y.pdf,20534450,PDF has 0 pages
2024/20240084_Attachment_2_-_Pocasset_River_Flood_Damage_Reduction_Project_Watershed_Plan-EIS_Appendices_May2024.pdf,20240084_Attachment_2_-_Pocasset_River_Flood_Damage_Reduction_Project_Watershed_Plan-EIS_Appendices_May2024.pdf,26230044,PDF has 0 pages
2024/20240243_RidgelineExpansion_FEIS_Part_2_Appendix_H_BA_Pt_1.pdf,20240243_RidgelineExpansion_FEIS_Part_2_Appendix_H_BA_Pt_1.pdf,31193499,PDF has 0 pages
2024/20240190_EIAMDGUAMEISVOLUME9.pdf,20240190_EIAMDGUAMEISVOLUME9.pdf,35155885,PDF has 0 pages
2024/20240146_Appendix_O_Dry_Creek_Draft_EIS_Visual_Simulations.pdf,20240146_Appendix_O_Dry_Creek_Draft_EIS_Visual_Simulations.pdf,4030323,PDF has 0 pages
2024/20240181_I-15_FEIS_02B_Alts_Design.pdf,20240181_I-15_FEIS_02B_Alts_Design.pdf,27774705,PDF has 0 pages
2024/20240093_Appendix_H-7_-_Environmental_Site_Assessment_Part_2.pdf,20240093_Appendix_H-7_-_Environmental_Site_Assessment_Part_2.pdf,23718186,PDF has 0 pages
2024/20240211_lto-eis-appendix-f-modeling-part-06.pdf,20240211_lto-eis-appendix-f-modeling-part-06.pdf,26200507,PDF has 0 pages
2024/20240117_08_Appendix_G_Subsistence_Technical_Appendix_508.pdf,20240117_08_Appendix_G_Subsistence_Technical_Appendix_508.pdf,22630654,PDF has 0 pages
2024/20240131_lto-eis-appendix-f-modeling-part-1.pdf,20240131_lto-eis-appendix-f-modeling-part-1.pdf,6522371,PDF has 0 pages
2024/20240137_Maryland_Offshore_Wind_Final_EIS_AppH_Attachments-1_Viewsheds.pdf,20240137_Maryland_Offshore_Wind_Final_EIS_AppH_Attachments-1_Viewsheds.pdf,20628025,PDF has 0 pages
2024/20240088_029_PB_05_EnvironmentalJustice_A11Y.pdf,20240088_029_PB_05_EnvironmentalJustice_A11Y.pdf,23060339,PDF has 0 pages
2024/20240146_Appendix_G_Dry_Creek_Draft_EIS_Programmatic_Agreement.pdf,20240146_Appendix_G_Dry_Creek_Draft_EIS_Programmatic_Agreement.pdf,14854171,PDF has 0 pages
2024/20240163_Chapter_3_-_Existing_Conditions_and_Environmental_Consequences.pdf,20240163_Chapter_3_-_Existing_Conditions_and_Environmental_Consequences.pdf,21334246,PDF has 0 pages
2024/20240059_Final_EIS_for_the_Expansion_and_Modernization_of_the_Raul_Hector_Castro_and_Prop.pdf,20240059_Final_EIS_for_the_Expansion_and_Modernization_of_the_Raul_Hector_Castro_and_Prop.pdf,20330116,PDF has 0 pages
2024/20240151_14_LCRCMP_Draft-DMMP-EIS_AppK_CulturalResources.pdf,20240151_14_LCRCMP_Draft-DMMP-EIS_AppK_CulturalResources.pdf,19641848,PDF has 0 pages
2024/20240047_PCCA_CDP_Final_EIS_March_2024_-_Appendix_F1-F3.pdf,20240047_PCCA_CDP_Final_EIS_March_2024_-_Appendix_F1-F3.pdf,20766030,PDF has 0 pages
2024/20240137_Maryland_Offshore_Wind_Final_EIS.pdf,20240137_Maryland_Offshore_Wind_Final_EIS.pdf,15390594,PDF has 0 pages
2024/20240190_EIAMDGUAMEISVOLUME8.pdf,20240190_EIAMDGUAMEISVOLUME8.pdf,24000627,PDF has 0 pages
2024/20240088_116_PB_22_Vol_4_Business_Organizations_clean_reduced_a11y.pdf,20240088_116_PB_22_Vol_4_Business_Organizations_clean_reduced_a11y.pdf,21492309,PDF has 0 pages
2024/20240163_Noise_and_Vibration_Technical_Report.pdf,20240163_Noise_and_Vibration_Technical_Report.pdf,24862338,PDF has 0 pages
2024/20240091_AtlanticShoresSouth_AppH_SLVIA_FEIS_AttachmentH1_Part2_508.pdf,20240091_AtlanticShoresSouth_AppH_SLVIA_FEIS_AttachmentH1_Part2_508.pdf,17000618,PDF has 0 pages
2024/20240044_GRSG_DEIS_2024_Vol_2_App01_Maps_Part3_508.pdf,20240044_GRSG_DEIS_2024_Vol_2_App01_Maps_Part3_508.pdf,14794623,PDF has 0 pages
2024/20240185_EISforLowerLittleTallapoosaRiver25A-WatershedPlanAppendixE01-E02.pdf,20240185_EISforLowerLittleTallapoosaRiver25A-WatershedPlanAppendixE01-E02.pdf,18341996,PDF has 0 pages
2024/20240040_CVOW-C_FEIS_Volume_I_FEIS.pdf,20240040_CVOW-C_FEIS_Volume_I_FEIS.pdf,18118140,PDF has 0 pages
2024/20240031_Appendix_E.3_to_the_Kingston_Fossil_Plant_Retirement_Final_Environmental_Impact_Statement.pdf,20240031_Appendix_E.3_to_the_Kingston_Fossil_Plant_Retirement_Final_Environmental_Impact_Statement.pdf,21793521,PDF has 0 pages
2024/20240002_NY_Bight_DraftPEIS_Vol1_Chapters1-4.pdf,20240002_NY_Bight_DraftPEIS_Vol1_Chapters1-4.pdf,7773957,PDF has 0 pages
2024/20240046_Moody_Comp_Airspace_Final_EIS_Vol_III_Appendices_April_2023_C-H.pdf,20240046_Moody_Comp_Airspace_Final_EIS_Vol_III_Appendices_April_2023_C-H.pdf,19862499,PDF has 0 pages
2025/20250139_Volume_5_-_Appendix_L-N.pdf,20250139_Volume_5_-_Appendix_L-N.pdf,47029223,PDF has 0 pages
2025/20250106_CP16-454-000etc_Rio_Grande_Final_SEIS_-_Volume_2.pdf,20250106_CP16-454-000etc_Rio_Grande_Final_SEIS_-_Volume_2.pdf,18186548,PDF has 0 pages
2025/20250003_17_December_2024_BOTA_Final_Appendix_Comments_and_Letters_B2a.pdf,20250003_17_December_2024_BOTA_Final_Appendix_Comments_and_Letters_B2a.pdf,21172763,PDF has 0 pages
2025/20250063_19_Appendix_A-E_Conceptual_Engineering_Drawings.pdf,20250063_19_Appendix_A-E_Conceptual_Engineering_Drawings.pdf,22152677,PDF has 0 pages
2025/20250010_Appendix_E8_Attachments_January2025.pdf,20250010_Appendix_E8_Attachments_January2025.pdf,23084333,PDF has 0 pages
2025/20250018_LLTR25A_Appendix_E03-E06-redacted.pdf,20250018_LLTR25A_Appendix_E03-E06-redacted.pdf,8854811,PDF has 0 pages
2025/20250073_Vol-3-AppendixY-PartC-US6219-Section050-Transportation-Improvement-Project-Combined-FEIS-ROD-May-2025.pdf,20250073_Vol-3-AppendixY-PartC-US6219-Section050-Transportation-Improvement-Project-Combined-FEIS-ROD-May-2025.pdf,55912889,PDF has 0 pages
2025/20250148_Appendix_H-5_–_Cultural_Resources_AOE_Report_and_Addenda_Part_1.pdf,20250148_Appendix_H-5_–_Cultural_Resources_AOE_Report_and_Addenda_Part_1.pdf,20340750,PDF has 0 pages
2025/20250085_FEIS_Volume_1_508.pdf,20250085_FEIS_Volume_1_508.pdf,25062737,PDF has 0 pages
2025/20250059_VSFB_Falcon_Launch_Draft_EIS_May_2025_Appendices_Volume2.pdf,20250059_VSFB_Falcon_Launch_Draft_EIS_May_2025_Appendices_Volume2.pdf,7679509,PDF has 0 pages
2025/20250169_Del_Puerto_Canyon_Reservoir_Draft_EIS_Vol_4_Appendix_I-N.pdf,20250169_Del_Puerto_Canyon_Reservoir_Draft_EIS_Vol_4_Appendix_I-N.pdf,25067862,PDF has 0 pages
2025/20250068_IHNC_Appendix_F_-_1997_IHNC_Lock_Evaluation_Report_1_of_9.pdf,20250068_IHNC_Appendix_F_-_1997_IHNC_Lock_Evaluation_Report_1_of_9.pdf,25133407,PDF has 0 pages
2025/20250061_GLNFEIS-RMPA_App_Q_NHT_Inventory_and_Assessment_Part5_508.pdf,20250061_GLNFEIS-RMPA_App_Q_NHT_Inventory_and_Assessment_Part5_508.pdf,70704495,PDF has 0 pages
2025/20250190_BCST2_Cultural_Resources_Tech_Report_V3_Appendix_C_Part_1_January_2026.pdf,20250190_BCST2_Cultural_Resources_Tech_Report_V3_Appendix_C_Part_1_January_2026.pdf,22435098,PDF has 0 pages
2025/20250040_ATLR-PTA_Final-EIS_NEPA_Vol3.pdf,20250040_ATLR-PTA_Final-EIS_NEPA_Vol3.pdf,28730848,PDF has 0 pages
2025/20250053_ARCF_Appendix_I_Comments_INDIV-800s_Part1.pdf,20250053_ARCF_Appendix_I_Comments_INDIV-800s_Part1.pdf,15870393,PDF has 0 pages
2025/20250092_FEC_05.19_Construction_bm.pdf,20250092_FEC_05.19_Construction_bm.pdf,24587651,PDF has 0 pages
2025/20250061_GLNFEIS-RMPA_App_Q_NHT_Inventory_and_Assessment_Part4_508.pdf,20250061_GLNFEIS-RMPA_App_Q_NHT_Inventory_and_Assessment_Part4_508.pdf,8155060,PDF has 0 pages
2025/20250098_MetroTransitExpansion_Appendix_E2_Phase_I_ESA_Report.pdf,20250098_MetroTransitExpansion_Appendix_E2_Phase_I_ESA_Report.pdf,19893866,PDF has 0 pages
2025/20250018_LLTR25A_Appendix_E07-E08.5-redacted_1.pdf,20250018_LLTR25A_Appendix_E07-E08.5-redacted_1.pdf,20058053,PDF has 0 pages
2025/20250024_App_C_Dry_Creek_Final_EIS_Mine_Plan.pdf,20250024_App_C_Dry_Creek_Final_EIS_Mine_Plan.pdf,27256317,PDF has 0 pages
2025/20250186_Appendix_A.3_Attachment_Modeling_Alternative_and_Results.pdf,20250186_Appendix_A.3_Attachment_Modeling_Alternative_and_Results.pdf,22156522,PDF has 0 pages
2025/20250069_20252305-Ellis_FEIS_for_Publication.pdf,20250069_20252305-Ellis_FEIS_for_Publication.pdf,14988267,PDF has 0 pages
2025/20250165_v3_LAA-PEPD-Vol3.3_Record_Set_1_A11Y_OCR.pdf,20250165_v3_LAA-PEPD-Vol3.3_Record_Set_1_A11Y_OCR.pdf,18509118,PDF has 0 pages
2025/20250090_Spring_Valley_II_Solar_Draft_EIS_Appendix_D.pdf,20250090_Spring_Valley_II_Solar_Draft_EIS_Appendix_D.pdf,85376417,PDF has 0 pages
2025/20250174_Volume_2_-_Appendices_A-C.pdf,20250174_Volume_2_-_Appendices_A-C.pdf,16662373,PDF has 0 pages
2025/20250177_DEIS_03N_Aquatic_Delineation_Report.pdf,20250177_DEIS_03N_Aquatic_Delineation_Report.pdf,25807909,PDF has 0 pages
2025/20250183_50_ALR_FEIS_Appendix_G_Section4f_Chapter26_December_2025.pdf,20250183_50_ALR_FEIS_Appendix_G_Section4f_Chapter26_December_2025.pdf,24585506,PDF has 0 pages
2025/20250063_27_Appendix_A-4_Archaeological_and_Architecture_History_Reports_Vol_4.pdf,20250063_27_Appendix_A-4_Archaeological_and_Architecture_History_Reports_Vol_4.pdf,8148763,PDF has 0 pages
2025/20250099_EIAMDGUAMEISVOLUME6.pdf,20250099_EIAMDGUAMEISVOLUME6.pdf,48518725,PDF has 0 pages
2025/20250010_Appendix_E11_EnvironmentalJustice_January2025.pdf,20250010_Appendix_E11_EnvironmentalJustice_January2025.pdf,25161231,PDF has 0 pages
2025/20250121_Appendix_P1_-_HazMat_ISA.pdf,20250121_Appendix_P1_-_HazMat_ISA.pdf,33450610,PDF has 0 pages
2025/20250010_Appendix_E6_CulturalResourcesBuilt_January2025.pdf,20250010_Appendix_E6_CulturalResourcesBuilt_January2025.pdf,24525254,PDF has 0 pages
2025/20250091_Micron_Semiconductor_Manufacturing_Project_DEIS_Appendix_M_Vol_3.pdf,20250091_Micron_Semiconductor_Manufacturing_Project_DEIS_Appendix_M_Vol_3.pdf,57099702,PDF has 0 pages
2025/20250137_3_EIS_Appendix_B_VI_Vessel_Wake_Model_Bathymetry_and_Boundaries_trough_IX.pdf,20250137_3_EIS_Appendix_B_VI_Vessel_Wake_Model_Bathymetry_and_Boundaries_trough_IX.pdf,18612497,PDF has 0 pages
2025/20250177_DEIS_02D_Act_Alts_Figures.pdf,20250177_DEIS_02D_Act_Alts_Figures.pdf,21391193,PDF has 0 pages
2025/20250153_2025_1105_MicronNY_FEIS_Final_3.pdf,20250153_2025_1105_MicronNY_FEIS_Final_3.pdf,23975445,PDF has 0 pages
2025/20250122_Kimball_Jct_FEIS_03E_Aquatic_Delineation_Report_and_UDOT_Review.pdf,20250122_Kimball_Jct_FEIS_03E_Aquatic_Delineation_Report_and_UDOT_Review.pdf,23207453,PDF has 0 pages
2025/20250010_Appendix_F4_WaterResources_January2025.pdf,20250010_Appendix_F4_WaterResources_January2025.pdf,8384231,PDF has 0 pages
2025/20250099_EIAMDGUAMEISVOLUME5.pdf,20250099_EIAMDGUAMEISVOLUME5.pdf,42089485,PDF has 0 pages
2025/20250148_Appendix_H-1_–_Direct_Land_Use_Change.pdf,20250148_Appendix_H-1_–_Direct_Land_Use_Change.pdf,7447247,PDF has 0 pages
2025/20250135_Final-WCR-AOA-FPEIS-12Sept25.pdf,20250135_Final-WCR-AOA-FPEIS-12Sept25.pdf,18924978,PDF has 0 pages
2025/20250111_Albion_River_Bridge_Project_FED_Appendix_P.pdf,20250111_Albion_River_Bridge_Project_FED_Appendix_P.pdf,19687374,PDF has 0 pages
2025/20250007_FEIS_Nez_Perce-Clearwater_revised_Land_Management_Plan_2025.pdf,20250007_FEIS_Nez_Perce-Clearwater_revised_Land_Management_Plan_2025.pdf,19851453,PDF has 0 pages
2025/20250165_v3_LAA-PEPD-Vol3.6_Record_Set_1_A11Y_OCR.pdf,20250165_v3_LAA-PEPD-Vol3.6_Record_Set_1_A11Y_OCR.pdf,17851364,PDF has 0 pages
2025/20250123_Draft_EIS_for_T-7A_Recap_at_Vance_AFB_30July2025_Optimized.pdf,20250123_Draft_EIS_for_T-7A_Recap_at_Vance_AFB_30July2025_Optimized.pdf,20602598,PDF has 0 pages
2025/20250189_BW_SPM_DWP_SDEIS_Jan2026_ES_thru_Ch_10_508.pdf,20250189_BW_SPM_DWP_SDEIS_Jan2026_ES_thru_Ch_10_508.pdf,30711594,PDF has 0 pages
2025/20250004_20241220_Draft_Sparrows_Point_Container_Terminal_EIS_Appendices_508.pdf,20250004_20241220_Draft_Sparrows_Point_Container_Terminal_EIS_Appendices_508.pdf,26139105,PDF has 0 pages
2025/20250091_Micron_Semiconductor_Manufacturing_Project_DEIS_Appendix_M_Vol_1.pdf,20250091_Micron_Semiconductor_Manufacturing_Project_DEIS_Appendix_M_Vol_1.pdf,38847792,PDF has 0 pages
2025/20250014_DEIS_Appendices_vol_6.pdf,20250014_DEIS_Appendices_vol_6.pdf,22066065,PDF has 0 pages
2025/20250085_FEIS_Volume_2_508.pdf,20250085_FEIS_Volume_2_508.pdf,22836487,PDF has 0 pages
2025/20250146_FEIS_Caldwell_Canyon_RMRP_oct_16_2025_508.pdf,20250146_FEIS_Caldwell_Canyon_RMRP_oct_16_2025_508.pdf,7975019,PDF has 0 pages
2025/20250183_34_ALR_FEIS_Attachment_A_to_Appendix_E8_December2025.pdf,20250183_34_ALR_FEIS_Attachment_A_to_Appendix_E8_December2025.pdf,26837014,PDF has 0 pages
2025/20250137_3_EIS_Appendix_H_Aquatic_Habitat_Suitability.pdf,20250137_3_EIS_Appendix_H_Aquatic_Habitat_Suitability.pdf,18370970,PDF has 0 pages
2025/20250091_Micron_Semiconductor_Manufacturing_Project_DEIS_Appendix_F_Vol_1_Part_1.pdf,20250091_Micron_Semiconductor_Manufacturing_Project_DEIS_Appendix_F_Vol_1_Part_1.pdf,21425579,PDF has 0 pages
2025/20250003_24_December_2024_BOTA_Final_Appendix_Comments_and_LettersB3a.pdf,20250003_24_December_2024_BOTA_Final_Appendix_Comments_and_LettersB3a.pdf,22457452,PDF has 0 pages
2025/20250033_Appendix_G.1_to_Appendix_G.3_bm_meta.pdf,20250033_Appendix_G.1_to_Appendix_G.3_bm_meta.pdf,26059172,PDF has 0 pages
2025/20250067_Enbridge_Line_5_Tunnel_Project_Draft_Environmental_Statement_Volume_2_Appendices.pdf,20250067_Enbridge_Line_5_Tunnel_Project_Draft_Environmental_Statement_Volume_2_Appendices.pdf,35183486,PDF has 0 pages
2025/20250061_GLNFEIS-RMPA_App_A_Figures_Part2_508.pdf,20250061_GLNFEIS-RMPA_App_A_Figures_Part2_508.pdf,20003176,PDF has 0 pages
2025/20250092_Appendix_K.1-III_508_1.pdf,20250092_Appendix_K.1-III_508_1.pdf,30283784,PDF has 0 pages
2025/20250052_Hartford_Courthouse_Final_EIS_including_appendices_2025.05.05.pdf,20250052_Hartford_Courthouse_Final_EIS_including_appendices_2025.05.05.pdf,7034571,PDF has 0 pages
2025/20250190_BCST2_DEIS_Appendix_F_Navigation_Impact_Report_January_2026.pdf,20250190_BCST2_DEIS_Appendix_F_Navigation_Impact_Report_January_2026.pdf,23141809,PDF has 0 pages
2025/20250051_HCM_DEIS_Vol_3_Chapter_3_Sections_3.14-3.22_Chapter_4_and_Index_1.pdf,20250051_HCM_DEIS_Vol_3_Chapter_3_Sections_3.14-3.22_Chapter_4_and_Index_1.pdf,18740037,PDF has 0 pages
2025/20250133_GOA_AOA_FPEIS_508_Final.pdf,20250133_GOA_AOA_FPEIS_508_Final.pdf,27433021,PDF has 0 pages
2025/20250024_App_O_Dry_Creek_Final_EIS_Visual_Simulations.pdf,20250024_App_O_Dry_Creek_Final_EIS_Visual_Simulations.pdf,22408586,PDF has 0 pages
2025/20250093_02-Appendix_A-Scoping_Report_.pdf,20250093_02-Appendix_A-Scoping_Report_.pdf,22790787,PDF has 0 pages
2025/20250099_EIAMDGUAMEISVOLUME1.pdf,20250099_EIAMDGUAMEISVOLUME1.pdf,17441119,PDF has 0 pages
2025/20250093_05-_Appendix_D_ESA.pdf,20250093_05-_Appendix_D_ESA.pdf,38012788,PDF has 0 pages
2025/20250137_3_EIS_Appendix_A_General_Engineering.pdf,20250137_3_EIS_Appendix_A_General_Engineering.pdf,21728432,PDF has 0 pages
2025/20250099_EIAMDGUAMEISVOLUME3.pdf,20250099_EIAMDGUAMEISVOLUME3.pdf,25451355,PDF has 0 pages
2025/20250014_DEIS_Appendices_vol_1.pdf,20250014_DEIS_Appendices_vol_1.pdf,17322061,PDF has 0 pages
2025/20250010_Appendix_C_ProjectDesign_January2025.pdf,20250010_Appendix_C_ProjectDesign_January2025.pdf,19636072,PDF has 0 pages
2025/20250053_ARCF_Appendix_I_Comments_INDIV-500s.pdf,20250053_ARCF_Appendix_I_Comments_INDIV-500s.pdf,7230281,PDF has 0 pages
2025/20250113_Volume_I_Atlantic_Fleet_Training_and_Testing.pdf,20250113_Volume_I_Atlantic_Fleet_Training_and_Testing.pdf,41423788,PDF has 0 pages
2025/20250010_Appendix_E6_Attachment_E_January2025.pdf,20250010_Appendix_E6_Attachment_E_January2025.pdf,26283234,PDF has 0 pages
2025/20250174_Volume_4_-_Appendix_G-K.pdf,20250174_Volume_4_-_Appendix_G-K.pdf,26169187,PDF has 0 pages
2025/20250003_22_December_2024_BOTA_Final_Appendix_Comments_and_Letters_B7.pdf,20250003_22_December_2024_BOTA_Final_Appendix_Comments_and_Letters_B7.pdf,8479453,PDF has 0 pages
2025/20250139_Volume_3_-_Appendix_D-F.pdf,20250139_Volume_3_-_Appendix_D-F.pdf,8287533,PDF has 0 pages
2025/20250062_CRN_Final_SEIS_Appendices_0525.pdf,20250062_CRN_Final_SEIS_Appendices_0525.pdf,55920326,PDF has 0 pages
2025/20250190_BCST2_Draft_EIS_January_2026.pdf,20250190_BCST2_Draft_EIS_January_2026.pdf,23231224,PDF has 0 pages
2025/20250053_ARCF_Appendix_I_Comments_INDIV-000s.pdf,20250053_ARCF_Appendix_I_Comments_INDIV-000s.pdf,32907113,PDF has 0 pages
2025/20250143_RidgelineExpansion_FEIS_Part_4_Appendices_I-O.pdf,20250143_RidgelineExpansion_FEIS_Part_4_Appendices_I-O.pdf,26094307,PDF has 0 pages
2025/20250022_22_BMOP_DEIS_App_M_BA_508.pdf,20250022_22_BMOP_DEIS_App_M_BA_508.pdf,28007207,PDF has 0 pages
2025/20250074_3_CJMT_RDEIS_CH3-Existing_Environment.pdf,20250074_3_CJMT_RDEIS_CH3-Existing_Environment.pdf,26365557,PDF has 0 pages
2025/20250190_BCST2_DEIS_Appendix_A_Environmental_Resource_Impact_Mapps_January_2026.pdf,20250190_BCST2_DEIS_Appendix_A_Environmental_Resource_Impact_Mapps_January_2026.pdf,25310026,PDF has 0 pages
2025/20250183_46_ALR_FEIS_Attachment_A_to_Attachment_A_of_Appendix_F4_December_2025.pdf,20250183_46_ALR_FEIS_Attachment_A_to_Attachment_A_of_Appendix_F4_December_2025.pdf,21502815,PDF has 0 pages
2025/20250147_Appx1_AppxI3-Part2of2_Species_Accts_057_thru_108_Final_ADA.pdf,20250147_Appx1_AppxI3-Part2of2_Species_Accts_057_thru_108_Final_ADA.pdf,8740963,PDF has 0 pages
2025/20250001_Maryland_Offshore_Wind_Final_EIS.pdf,20250001_Maryland_Offshore_Wind_Final_EIS.pdf,18488244,PDF has 0 pages
2025/20250119_Kauai_Island_Utility_Cooperative_HCP_EIS_081325.pdf,20250119_Kauai_Island_Utility_Cooperative_HCP_EIS_081325.pdf,31883359,PDF has 0 pages
2025/20250018_LLTR25A_Appendix_E01-E02-_redacted.pdf,20250018_LLTR25A_Appendix_E01-E02-_redacted.pdf,40652438,PDF has 0 pages
2025/20250137_3_EIS_Appendix_D_Beneficial_Use_Plan.pdf,20250137_3_EIS_Appendix_D_Beneficial_Use_Plan.pdf,30124656,PDF has 0 pages
2025/20250190_BCST2_Cultural_Resources_Tech_Report_V3_Appendix_C_Part_3_January_2026.pdf,20250190_BCST2_Cultural_Resources_Tech_Report_V3_Appendix_C_Part_3_January_2026.pdf,25642680,PDF has 0 pages
2025/20250156_CCBP_DEIS_Appendix_3.1_Attachment_02_Hghwy-Interchanges-DetAssessReport.pdf,20250156_CCBP_DEIS_Appendix_3.1_Attachment_02_Hghwy-Interchanges-DetAssessReport.pdf,22908849,PDF has 0 pages
2025/20250073_Vol-3-AppendixT-US6219-Section050-Transportation-Improvement-Project-Combined-FEIS-ROD-May-2025.pdf,20250073_Vol-3-AppendixT-US6219-Section050-Transportation-Improvement-Project-Combined-FEIS-ROD-May-2025.pdf,21146151,PDF has 0 pages
2025/20250147_Appx1_AppxH_ScopingReport_Final_ADA.pdf,20250147_Appx1_AppxH_ScopingReport_Final_ADA.pdf,20725379,PDF has 0 pages
2025/20250121_Appendix_K1_-_HRSR.pdf,20250121_Appendix_K1_-_HRSR.pdf,21845770,PDF has 0 pages
2025/20250153_2025_1105_MicronNY_FEIS_Appendix_F_Vol_1_Part_2.pdf,20250153_2025_1105_MicronNY_FEIS_Appendix_F_Vol_1_Part_2.pdf,25693959,PDF has 0 pages
2025/20250187_3_SRevilla_dROD_Attachmt3_RoadCards.pdf,20250187_3_SRevilla_dROD_Attachmt3_RoadCards.pdf,18092797,PDF has 0 pages
2025/20250121_Appendix_P2_-_HazMat_ISA.pdf,20250121_Appendix_P2_-_HazMat_ISA.pdf,24160692,PDF has 0 pages
2025/20250051_HCM_DEIS_Vol_2_Chapter_3_Sections_3.1-3.13.pdf,20250051_HCM_DEIS_Vol_2_Chapter_3_Sections_3.1-3.13.pdf,18817411,PDF has 0 pages
2025/20250070_Vol_I_-_TVA_Pumped_Storage_Hydropower_Public_Draft_EIS_final.pdf,20250070_Vol_I_-_TVA_Pumped_Storage_Hydropower_Public_Draft_EIS_final.pdf,22463584,PDF has 0 pages
2025/20250143_RidgelineExpansion_FEIS_Part_1_wAppendices_A-G.pdf,20250143_RidgelineExpansion_FEIS_Part_1_wAppendices_A-G.pdf,21733502,PDF has 0 pages
2025/20250130_Chum-Salmon-Bycatch-Management-DEIS-508.pdf,20250130_Chum-Salmon-Bycatch-Management-DEIS-508.pdf,22982609,PDF has 0 pages
2025/20250177_DEIS_02A_Alts_Screening_Report_02.pdf,20250177_DEIS_02A_Alts_Screening_Report_02.pdf,24563155,PDF has 0 pages
2025/20250093_14_-_Appendix_M_-_NFI_Report_Appendix_A_Plan_Formulation_2.pdf,20250093_14_-_Appendix_M_-_NFI_Report_Appendix_A_Plan_Formulation_2.pdf,20619543,PDF has 0 pages
2025/20250003_18_December_2024_BOTA_Final_Appendix_Comments_and_Letters_B2b.pdf,20250003_18_December_2024_BOTA_Final_Appendix_Comments_and_Letters_B2b.pdf,18236815,PDF has 0 pages
2025/20250073_Vol-3-AppendixW-X-US6219-Section050-Transportation-Improvement-Project-Combined-FEIS-ROD-May-2025.pdf,20250073_Vol-3-AppendixW-X-US6219-Section050-Transportation-Improvement-Project-Combined-FEIS-ROD-May-2025.pdf,20284247,PDF has 0 pages
2025/20250164_SpaceX_Starship-SuperHeavy_CCSFS_Final_EIS_Appendices.pdf,20250164_SpaceX_Starship-SuperHeavy_CCSFS_Final_EIS_Appendices.pdf,24955203,PDF has 0 pages
2025/20250121_Appendix_F_-_Comments_Received_Scoping.pdf,20250121_Appendix_F_-_Comments_Received_Scoping.pdf,20328484,PDF has 0 pages
2025/20250153_2025_1105_MicronNY_FEIS_Appendix_E_Vol_2_Part_2.pdf,20250153_2025_1105_MicronNY_FEIS_Appendix_E_Vol_2_Part_2.pdf,17814747,PDF has 0 pages
2025/20250049_Final_EIS_for_the_Grand_Portage_Land_Port_of_Entry_Modernization_and_Expansion_Project_Grand_Portage_MN_Volume_2_Appendices.pdf,20250049_Final_EIS_for_the_Grand_Portage_Land_Port_of_Entry_Modernization_and_Expansion_Project_Grand_Portage_MN_Volume_2_Appendices.pdf,15234165,PDF has 0 pages
2025/20250145_LVMC_EIS_508.pdf,20250145_LVMC_EIS_508.pdf,5723766,PDF has 0 pages
2025/20250137_3_EIS_Appendix_M_Mitigation_Plan.pdf,20250137_3_EIS_Appendix_M_Mitigation_Plan.pdf,37793034,PDF has 0 pages
2025/20250153_2025_1105_MicronNY_FEIS_Appendix_G_Vol_1.pdf,20250153_2025_1105_MicronNY_FEIS_Appendix_G_Vol_1.pdf,20749950,PDF has 0 pages
2025/20250014_DEIS_Appendices_vol_8.pdf,20250014_DEIS_Appendices_vol_8.pdf,21578733,PDF has 0 pages
2025/20250092_FEC_05.04_Open_Space_bm.pdf,20250092_FEC_05.04_Open_Space_bm.pdf,25287521,PDF has 0 pages
2025/20250183_54_ALR_FEIS_Attachment_B_to_Appendix_H_December_2025.pdf,20250183_54_ALR_FEIS_Attachment_B_to_Appendix_H_December_2025.pdf,20555516,PDF has 0 pages
2025/20250153_2025_1105_MicronNY_FEIS_Appendix_E_Vol_2_Part_1.pdf,20250153_2025_1105_MicronNY_FEIS_Appendix_E_Vol_2_Part_1.pdf,46973131,PDF has 0 pages
2025/20250061_GLNFEIS-RMPA_App_Q_NHT_Inventory_and_Assessment_Part3_508.pdf,20250061_GLNFEIS-RMPA_App_Q_NHT_Inventory_and_Assessment_Part3_508.pdf,23211259,PDF has 0 pages
2025/20250190_BCST2_Cultural_Resources_Tech_Report_V3_Appendix_C_Part_2_January_2026.pdf,20250190_BCST2_Cultural_Resources_Tech_Report_V3_Appendix_C_Part_2_January_2026.pdf,21351690,PDF has 0 pages
2025/20250183_49_ALR_FEIS_Appendix_F5_Threatened_Endangered_Species_December_2025.pdf,20250183_49_ALR_FEIS_Appendix_F5_Threatened_Endangered_Species_December_2025.pdf,8856414,PDF has 0 pages
2025/20250168_Volume_IV_Appendices_F_through_P.pdf,20250168_Volume_IV_Appendices_F_through_P.pdf,22219706,PDF has 0 pages
2025/20250150_VSFBFalconEISFinalOct2025AppendicesVol1.pdf,20250150_VSFBFalconEISFinalOct2025AppendicesVol1.pdf,24923197,PDF has 0 pages
2025/20250156_CCBP_DEIS_Appendix_3.2_Attachment_03_Preliminary_Tree_Clearing_Plans.pdf,20250156_CCBP_DEIS_Appendix_3.2_Attachment_03_Preliminary_Tree_Clearing_Plans.pdf,17541778,PDF has 0 pages
2025/20250028_Kimball_Jct_DEIS_03E_Aquatic_Delineation_Report_and_UDOT_Review.pdf,20250028_Kimball_Jct_DEIS_03E_Aquatic_Delineation_Report_and_UDOT_Review.pdf,21760833,PDF has 0 pages
2025/20250148_Appendix_H-7_–_Environmental_Site_Assessment_Part_2.pdf,20250148_Appendix_H-7_–_Environmental_Site_Assessment_Part_2.pdf,37988304,PDF has 0 pages
2025/20250095_Volume_3_-_Appendices_J-R.pdf,20250095_Volume_3_-_Appendices_J-R.pdf,25290307,PDF has 0 pages
2025/20250054_Oahu_ATLR_FEIS_NEPA_Vol_4.pdf,20250054_Oahu_ATLR_FEIS_NEPA_Vol_4.pdf,17125633,PDF has 0 pages
2025/20250122_Kimball_Jct_FEIS_04C_Agency_and_Public_Involvement_Materials.pdf,20250122_Kimball_Jct_FEIS_04C_Agency_and_Public_Involvement_Materials.pdf,9407303,PDF has 0 pages
2025/20250183_62_ALR_FEIS_Attachment_1_to_Appendix_M_December_2024_.pdf,20250183_62_ALR_FEIS_Attachment_1_to_Appendix_M_December_2024_.pdf,33364177,PDF has 0 pages
2025/20250033_Appendix_G.4_and_Appendix_G.5_meta_bm.pdf,20250033_Appendix_G.4_and_Appendix_G.5_meta_bm.pdf,26047933,PDF has 0 pages
2025/20250153_2025_1105_MicronNY_FEIS_Appendix_M_Vol_3.pdf,20250153_2025_1105_MicronNY_FEIS_Appendix_M_Vol_3.pdf,49215626,PDF has 0 pages
2025/20250165_v2_LAA_EIR-EIS_Appendix03.02-B-OCR.pdf,20250165_v2_LAA_EIR-EIS_Appendix03.02-B-OCR.pdf,21275210,PDF has 0 pages
2025/20250061_GLNFEIS-RMPA_App_L_Key_Observation_Point_Viewsheds_508.pdf,20250061_GLNFEIS-RMPA_App_L_Key_Observation_Point_Viewsheds_508.pdf,22072678,PDF has 0 pages
2025/20250156_CCBP_DEIS_Appendix_3.2_Attachment_01_Existing_Conditions_Plans.pdf,20250156_CCBP_DEIS_Appendix_3.2_Attachment_01_Existing_Conditions_Plans.pdf,46606808,PDF has 0 pages
2025/20250183_47_ALR_FEIS_Attachment_B_to_Attachmment_A_of_Appendix_F4_December_2025.pdf,20250183_47_ALR_FEIS_Attachment_B_to_Attachmment_A_of_Appendix_F4_December_2025.pdf,12812278,PDF has 0 pages
2025/20250061_GLNFEIS-RMPA_App_Q_NHT_Inventory_and_Assessment_Part1_508.pdf,20250061_GLNFEIS-RMPA_App_Q_NHT_Inventory_and_Assessment_Part1_508.pdf,22218957,PDF has 0 pages
2025/20250010_Appendix_E6_Attachment_F_January2025.pdf,20250010_Appendix_E6_Attachment_F_January2025.pdf,18124528,PDF has 0 pages
2025/20250150_VSFBFalconEISFinalOct2025AppendicesVol3.pdf,20250150_VSFBFalconEISFinalOct2025AppendicesVol3.pdf,19805817,PDF has 0 pages
2025/20250175_Spring_Valley_II_Solar_Final_EIS_App_D.pdf,20250175_Spring_Valley_II_Solar_Final_EIS_App_D.pdf,70573006,PDF has 0 pages
2025/20250166_Appendix_E_Hydrologic_and_Particle_Tracking_Modeling_Reports_1.pdf,20250166_Appendix_E_Hydrologic_and_Particle_Tracking_Modeling_Reports_1.pdf,16037622,PDF has 0 pages
2025/20250024_App_G_Dry_Creek_Final_EIS_Programmatic_Agreement.pdf,20250024_App_G_Dry_Creek_Final_EIS_Programmatic_Agreement.pdf,23501576,PDF has 0 pages
2025/20250010_Appendix_E7_DraftArcheologicalSurveyReport_January2025.pdf,20250010_Appendix_E7_DraftArcheologicalSurveyReport_January2025.pdf,21775987,PDF has 0 pages
2025/20250112_Green_Eagle_Railroad_FEIS_Volume_II_Appendices_08062025_508.pdf,20250112_Green_Eagle_Railroad_FEIS_Volume_II_Appendices_08062025_508.pdf,20255247,PDF has 0 pages
2025/20250054_Oahu_ATLR_FEIS_NEPA_Vol_3.pdf,20250054_Oahu_ATLR_FEIS_NEPA_Vol_3.pdf,23308971,PDF has 0 pages
2025/20250007_Appendices_FEIS_NPC_revised_LMP_2025.pdf,20250007_Appendices_FEIS_NPC_revised_LMP_2025.pdf,21145338,PDF has 0 pages
2025/20250021_Spring_Valley_DEIS_-_20250207_508.pdf,20250021_Spring_Valley_DEIS_-_20250207_508.pdf,17102779,PDF has 0 pages
2025/20250190_BCST2_Natural_Environment_Tech_Report_Appendices_A-B_January_2026.pdf,20250190_BCST2_Natural_Environment_Tech_Report_Appendices_A-B_January_2026.pdf,35784147,PDF has 0 pages
2025/20250153_2025_1105_MicronNY_FEIS_Appendix_F_Vol_2.pdf,20250153_2025_1105_MicronNY_FEIS_Appendix_F_Vol_2.pdf,21233654,PDF has 0 pages
2025/20250153_2025_1105_MicronNY_FEIS_Appendix_K_Vol_1.pdf,20250153_2025_1105_MicronNY_FEIS_Appendix_K_Vol_1.pdf,16438120,PDF has 0 pages
2025/20250153_2025_1105_MicronNY_FEIS_Appendix_F_Vol_3.pdf,20250153_2025_1105_MicronNY_FEIS_Appendix_F_Vol_3.pdf,23295456,PDF has 0 pages
2025/20250011_NCG_FEIS_2025.01.02_FINAL.pdf,20250011_NCG_FEIS_2025.01.02_FINAL.pdf,15820671,PDF has 0 pages
2025/20250083_Volume_4_-_Pacific_Missile_Range_Facility_and_Kōkeʻe_Park_Geophysical_Observatory_Real_Estate_Appendices_I-L.pdf,20250083_Volume_4_-_Pacific_Missile_Range_Facility_and_Kōkeʻe_Park_Geophysical_Observatory_Real_Estate_Appendices_I-L.pdf,15198624,PDF has 0 pages
2025/20250116_508_FSEIS_RosebudMineAreaF_2024_08_08.pdf,20250116_508_FSEIS_RosebudMineAreaF_2024_08_08.pdf,45476027,PDF has 0 pages
2025/20250188_Final_Environmental_Impact_Statement-_Warrior_Met_Coal.pdf,20250188_Final_Environmental_Impact_Statement-_Warrior_Met_Coal.pdf,23206058,PDF has 0 pages
2025/20250183_51_ALR_FEIS_Attachments_to_Appendix_G_December_2025.pdf,20250183_51_ALR_FEIS_Attachments_to_Appendix_G_December_2025.pdf,8661834,PDF has 0 pages
2025/20250137_3_EIS_Appendix_C_Geology_and_Geotechnical_Engineering.pdf,20250137_3_EIS_Appendix_C_Geology_and_Geotechnical_Engineering.pdf,21545465,PDF has 0 pages
2025/20250137_3_EIS_Appendix_B_HHC_Engineering_Main_Body_through_V.pdf,20250137_3_EIS_Appendix_B_HHC_Engineering_Main_Body_through_V.pdf,23527288,PDF has 0 pages
2025/20250115_MOTSU_Final_EIS_Aug_2025.pdf,20250115_MOTSU_Final_EIS_Aug_2025.pdf,21219113,PDF has 0 pages
2025/20250063_36_Appendix_A-8_Draft_Section_4f_and_Section_6f_Eval.pdf,20250063_36_Appendix_A-8_Draft_Section_4f_and_Section_6f_Eval.pdf,24978156,PDF has 0 pages
2025/20250092_FEC_05.16_Noise_Abatement_and_Control_bm.pdf,20250092_FEC_05.16_Noise_Abatement_and_Control_bm.pdf,27895972,PDF has 0 pages
2025/20250022_12_BMOP_DEIS_App_D_Notification_Ltrs_508.pdf,20250022_12_BMOP_DEIS_App_D_Notification_Ltrs_508.pdf,25370750,PDF has 0 pages
2025/20250153_2025_1105_MicronNY_FEIS_Appendix_M_Vol_4.pdf,20250153_2025_1105_MicronNY_FEIS_Appendix_M_Vol_4.pdf,8277837,PDF has 0 pages
2025/20250138_6_CCRC_PrelimDraftEIS_AppendixE_E2.pdf,20250138_6_CCRC_PrelimDraftEIS_AppendixE_E2.pdf,24014636,PDF has 0 pages
comment_letters/20110023_20110023.pdf,20110023_20110023.pdf,1999202,PDF has 0 pages
comment_letters/20110348_20110348.pdf,20110348_20110348.pdf,46592,Invalid header: b'\xd0\xcf\x11\xe0\xa1'
comment_letters/20250154_EPA_NEPA_SDEIS_comments_-_Enbridge_Line_5_HDD_Alternative_12-4-2025.pdf,20250154_EPA_NEPA_SDEIS_comments_-_Enbridge_Line_5_HDD_Alternative_12-4-2025.pdf,41431,PDF has 0 pages
comment_letters/20080535_20080535.pdf,20080535_20080535.pdf,5310464,PDF has 0 pages
comment_letters/20230055_FINAL_COMMENT_LETTER_06.02.23.pdf,20230055_FINAL_COMMENT_LETTER_06.02.23.pdf,0,Empty file (0 bytes)
comment_letters/20230048_5-12-23_FDA_MRC_FEIS_CEQ_20230048.pdf,20230048_5-12-23_FDA_MRC_FEIS_CEQ_20230048.pdf,0,Empty file (0 bytes)
comment_letters/20110102_#20110102.pdf,20110102_#20110102.pdf,1926483,PDF has 0 pages
comment_letters/20110062_20110062.pdf,20110062_20110062.pdf,159540,PDF has 0 pages
comment_letters/20110078_20110078.pdf,20110078_20110078.pdf,3946588,PDF has 0 pages
