project_urls,status,nf
https://www.fs.usda.gov/wps/portal/fsinternet/cs/projects/alabama/landmanagement/projects?archive=1&sortby=1,Archived,alabama
https://www.fs.usda.gov/wps/portal/fsinternet/cs/projects/chugach/landmanagement/projects?archive=1&sortby=1,Archived,chugach
https://www.fs.usda.gov/wps/portal/fsinternet/cs/projects/tongass/landmanagement/projects?archive=1&sortby=1,Archived,tongass
https://www.fs.usda.gov/wps/portal/fsinternet/cs/projects/asnf/landmanagement/projects?archive=1&sortby=1,Archived,asnf
https://www.fs.usda.gov/wps/portal/fsinternet/cs/projects/coconino/landmanagement/projects?archive=1&sortby=1,Archived,coconino
https://www.fs.usda.gov/wps/portal/fsinternet/cs/projects/coronado/landmanagement/projects?archive=1&sortby=1,Archived,coronado
https://www.fs.usda.gov/wps/portal/fsinternet/cs/projects/kaibab/landmanagement/projects?archive=1&sortby=1,Archived,kaibab
https://www.fs.usda.gov/wps/portal/fsinternet/cs/projects/prescott/landmanagement/projects?archive=1&sortby=1,Archived,prescott
https://www.fs.usda.gov/wps/portal/fsinternet/cs/projects/tonto/landmanagement/projects?archive=1&sortby=1,Archived,tonto
https://www.fs.usda.gov/wps/portal/fsinternet/cs/projects/ouachita/landmanagement/projects?archive=1&sortby=1,Archived,ouachita
https://www.fs.usda.gov/wps/portal/fsinternet/cs/projects/osfnf/landmanagement/projects?archive=1&sortby=1,Archived,osfnf
https://www.fs.usda.gov/wps/portal/fsinternet/cs/projects/angeles/landmanagement/projects?archive=1&sortby=1,Archived,angeles
https://www.fs.usda.gov/wps/portal/fsinternet/cs/projects/cleveland/landmanagement/projects?archive=1&sortby=1,Archived,cleveland
https://www.fs.usda.gov/wps/portal/fsinternet/cs/projects/eldorado/landmanagement/projects?archive=1&sortby=1,Archived,eldorado
https://www.fs.usda.gov/wps/portal/fsinternet/cs/projects/inyo/landmanagement/projects?archive=1&sortby=1,Archived,inyo
https://www.fs.usda.gov/wps/portal/fsinternet/cs/projects/klamath/landmanagement/projects?archive=1&sortby=1,Archived,klamath
https://www.fs.usda.gov/wps/portal/fsinternet/cs/projects/ltbmu/landmanagement/projects?archive=1&sortby=1,Archived,ltbmu
https://www.fs.usda.gov/wps/portal/fsinternet/cs/projects/lassen/landmanagement/projects?archive=1&sortby=1,Archived,lassen
https://www.fs.usda.gov/wps/portal/fsinternet/cs/projects/lpnf/landmanagement/projects?archive=1&sortby=1,Archived,lpnf
https://www.fs.usda.gov/wps/portal/fsinternet/cs/projects/mendocino/landmanagement/projects?archive=1&sortby=1,Archived,mendocino
https://www.fs.usda.gov/wps/portal/fsinternet/cs/projects/modoc/landmanagement/projects?archive=1&sortby=1,Archived,modoc
https://www.fs.usda.gov/wps/portal/fsinternet/cs/projects/plumas/landmanagement/projects?archive=1&sortby=1,Archived,plumas
https://www.fs.usda.gov/wps/portal/fsinternet/cs/projects/sbnf/landmanagement/projects?archive=1&sortby=1,Archived,sbnf
https://www.fs.usda.gov/wps/portal/fsinternet/cs/projects/sequoia/landmanagement/projects?archive=1&sortby=1,Archived,sequoia
https://www.fs.usda.gov/wps/portal/fsinternet/cs/projects/stnf/landmanagement/projects?archive=1&sortby=1,Archived,stnf
https://www.fs.usda.gov/wps/portal/fsinternet/cs/projects/sierra/landmanagement/projects?archive=1&sortby=1,Archived,sierra
https://www.fs.usda.gov/wps/portal/fsinternet/cs/projects/srnf/landmanagement/projects?archive=1&sortby=1,Archived,srnf
https://www.fs.usda.gov/wps/portal/fsinternet/cs/projects/stanislaus/landmanagement/projects?archive=1&sortby=1,Archived,stanislaus
https://www.fs.usda.gov/wps/portal/fsinternet/cs/projects/tahoe/landmanagement/projects?archive=1&sortby=1,Archived,tahoe
https://www.fs.usda.gov/wps/portal/fsinternet/cs/projects/arp/landmanagement/projects?archive=1&sortby=1,Archived,arp
https://www.fs.usda.gov/wps/portal/fsinternet/cs/projects/psicc/landmanagement/projects?archive=1&sortby=1,Archived,psicc
https://www.fs.usda.gov/wps/portal/fsinternet/cs/projects/gmug/landmanagement/projects?archive=1&sortby=1,Archived,gmug
https://www.fs.usda.gov/wps/portal/fsinternet/cs/projects/riogrande/landmanagement/projects?archive=1&sortby=1,Archived,riogrande
https://www.fs.usda.gov/wps/portal/fsinternet/cs/projects/mbr/landmanagement/projects?archive=1&sortby=1,Archived,mbr
https://www.fs.usda.gov/wps/portal/fsinternet/cs/projects/sanjuan/landmanagement/projects?archive=1&sortby=1,Archived,sanjuan
https://www.fs.usda.gov/wps/portal/fsinternet/cs/projects/whiteriver/landmanagement/projects?archive=1&sortby=1,Archived,whiteriver
https://www.fs.usda.gov/wps/portal/fsinternet/cs/projects/florida/landmanagement/projects?archive=1&sortby=1,Archived,florida
https://www.fs.usda.gov/wps/portal/fsinternet/cs/projects/conf/landmanagement/projects?archive=1&sortby=1,Archived,conf
https://www.fs.usda.gov/wps/portal/fsinternet/cs/projects/boise/landmanagement/projects?archive=1&sortby=1,Archived,boise
https://www.fs.usda.gov/wps/portal/fsinternet/cs/projects/ctnf/landmanagement/projects?archive=1&sortby=1,Archived,ctnf
https://www.fs.usda.gov/wps/portal/fsinternet/cs/projects/internetinvalidurl/landmanagement/projects?archive=1&sortby=1,Archived,internetinvalidurl
https://www.fs.usda.gov/wps/portal/fsinternet/cs/projects/ipnf/landmanagement/projects?archive=1&sortby=1,Archived,ipnf
https://www.fs.usda.gov/wps/portal/fsinternet/cs/projects/payette/landmanagement/projects?archive=1&sortby=1,Archived,payette
https://www.fs.usda.gov/wps/portal/fsinternet/cs/projects/scnf/landmanagement/projects?archive=1&sortby=1,Archived,scnf
https://www.fs.usda.gov/wps/portal/fsinternet/cs/projects/sawtooth/landmanagement/projects?archive=1&sortby=1,Archived,sawtooth
https://www.fs.usda.gov/wps/portal/fsinternet/cs/projects/midewin/landmanagement/projects?archive=1&sortby=1,Archived,midewin
https://www.fs.usda.gov/wps/portal/fsinternet/cs/projects/shawnee/landmanagement/projects?archive=1&sortby=1,Archived,shawnee
https://www.fs.usda.gov/wps/portal/fsinternet/cs/projects/hoosier/landmanagement/projects?archive=1&sortby=1,Archived,hoosier
https://www.fs.usda.gov/wps/portal/fsinternet/cs/projects/dbnf/landmanagement/projects?archive=1&sortby=1,Archived,dbnf
https://www.fs.usda.gov/wps/portal/fsinternet/cs/projects/kisatchie/landmanagement/projects?archive=1&sortby=1,Archived,kisatchie
https://www.fs.usda.gov/wps/portal/fsinternet/cs/projects/whitemountain/landmanagement/projects?archive=1&sortby=1,Archived,whitemountain
https://www.fs.usda.gov/wps/portal/fsinternet/cs/projects/hiawatha/landmanagement/projects?archive=1&sortby=1,Archived,hiawatha
https://www.fs.usda.gov/wps/portal/fsinternet/cs/projects/hmnf/landmanagement/projects?archive=1&sortby=1,Archived,hmnf
https://www.fs.usda.gov/wps/portal/fsinternet/cs/projects/ottawa/landmanagement/projects?archive=1&sortby=1,Archived,ottawa
https://www.fs.usda.gov/wps/portal/fsinternet/cs/projects/chippewa/landmanagement/projects?archive=1&sortby=1,Archived,chippewa
https://www.fs.usda.gov/wps/portal/fsinternet/cs/projects/superior/landmanagement/projects?archive=1&sortby=1,Archived,superior
https://www.fs.usda.gov/wps/portal/fsinternet/cs/projects/mississippi/landmanagement/projects?archive=1&sortby=1,Archived,mississippi
https://www.fs.usda.gov/wps/portal/fsinternet/cs/projects/mtnf/landmanagement/projects?archive=1&sortby=1,Archived,mtnf
https://www.fs.usda.gov/wps/portal/fsinternet/cs/projects/bdnf/landmanagement/projects?archive=1&sortby=1,Archived,bdnf
https://www.fs.usda.gov/wps/portal/fsinternet/cs/projects/bitterroot/landmanagement/projects?archive=1&sortby=1,Archived,bitterroot
https://www.fs.usda.gov/wps/portal/fsinternet/cs/projects/flathead/landmanagement/projects?archive=1&sortby=1,Archived,flathead
https://www.fs.usda.gov/wps/portal/fsinternet/cs/projects/hlcnf/landmanagement/projects?archive=1&sortby=1,Archived,hlcnf
https://www.fs.usda.gov/wps/portal/fsinternet/cs/projects/kootenai/landmanagement/projects?archive=1&sortby=1,Archived,kootenai
https://www.fs.usda.gov/wps/portal/fsinternet/cs/projects/lolo/landmanagement/projects?archive=1&sortby=1,Archived,lolo
https://www.fs.usda.gov/wps/portal/fsinternet/cs/projects/nebraska/landmanagement/projects?archive=1&sortby=1,Archived,nebraska
https://www.fs.usda.gov/wps/portal/fsinternet/cs/projects/htnf/landmanagement/projects?archive=1&sortby=1,Archived,htnf
https://www.fs.usda.gov/wps/portal/fsinternet/cs/projects/carson/landmanagement/projects?archive=1&sortby=1,Archived,carson
https://www.fs.usda.gov/wps/portal/fsinternet/cs/projects/cibola/landmanagement/projects?archive=1&sortby=1,Archived,cibola
https://www.fs.usda.gov/wps/portal/fsinternet/cs/projects/gila/landmanagement/projects?archive=1&sortby=1,Archived,gila
https://www.fs.usda.gov/wps/portal/fsinternet/cs/projects/lincoln/landmanagement/projects?archive=1&sortby=1,Archived,lincoln
https://www.fs.usda.gov/wps/portal/fsinternet/cs/projects/santafe/landmanagement/projects?archive=1&sortby=1,Archived,santafe
https://www.fs.usda.gov/wps/portal/fsinternet/cs/projects/gmfl/landmanagement/projects?archive=1&sortby=1,Archived,gmfl
https://www.fs.usda.gov/wps/portal/fsinternet/cs/projects/nfsnc/landmanagement/projects?archive=1&sortby=1,Archived,nfsnc
https://www.fs.usda.gov/wps/portal/fsinternet/cs/projects/wayne/landmanagement/projects?archive=1&sortby=1,Archived,wayne
https://www.fs.usda.gov/wps/portal/fsinternet/cs/projects/deschutes/landmanagement/projects?archive=1&sortby=1,Archived,deschutes
https://www.fs.usda.gov/wps/portal/fsinternet/cs/projects/fremont-winema/landmanagement/projects?archive=1&sortby=1,Archived,fremont-winema
https://www.fs.usda.gov/wps/portal/fsinternet/cs/projects/malheur/landmanagement/projects?archive=1&sortby=1,Archived,malheur
https://www.fs.usda.gov/wps/portal/fsinternet/cs/projects/mthood/landmanagement/projects?archive=1&sortby=1,Archived,mthood
https://www.fs.usda.gov/wps/portal/fsinternet/cs/projects/rogue-siskiyou/landmanagement/projects?archive=1&sortby=1,Archived,rogue-siskiyou
https://www.fs.usda.gov/wps/portal/fsinternet/cs/projects/siuslaw/landmanagement/projects?archive=1&sortby=1,Archived,siuslaw
https://www.fs.usda.gov/wps/portal/fsinternet/cs/projects/umatilla/landmanagement/projects?archive=1&sortby=1,Archived,umatilla
https://www.fs.usda.gov/wps/portal/fsinternet/cs/projects/umpqua/landmanagement/projects?archive=1&sortby=1,Archived,umpqua
https://www.fs.usda.gov/wps/portal/fsinternet/cs/projects/wallowa-whitman/landmanagement/projects?archive=1&sortby=1,Archived,wallowa-whitman
https://www.fs.usda.gov/wps/portal/fsinternet/cs/projects/willamette/landmanagement/projects?archive=1&sortby=1,Archived,willamette
https://www.fs.usda.gov/wps/portal/fsinternet/cs/projects/allegheny/landmanagement/projects?archive=1&sortby=1,Archived,allegheny
https://www.fs.usda.gov/wps/portal/fsinternet/cs/projects/scnfs/landmanagement/projects?archive=1&sortby=1,Archived,scnfs
https://www.fs.usda.gov/wps/portal/fsinternet/cs/projects/blackhills/landmanagement/projects?archive=1&sortby=1,Archived,blackhills
https://www.fs.usda.gov/wps/portal/fsinternet/cs/projects/cherokee/landmanagement/projects?archive=1&sortby=1,Archived,cherokee
https://www.fs.usda.gov/wps/portal/fsinternet/cs/projects/texas/landmanagement/projects?archive=1&sortby=1,Archived,texas
https://www.fs.usda.gov/wps/portal/fsinternet/cs/projects/ashley/landmanagement/projects?archive=1&sortby=1,Archived,ashley
https://www.fs.usda.gov/wps/portal/fsinternet/cs/projects/dixie/landmanagement/projects?archive=1&sortby=1,Archived,dixie
https://www.fs.usda.gov/wps/portal/fsinternet/cs/projects/fishlake/landmanagement/projects?archive=1&sortby=1,Archived,fishlake
https://www.fs.usda.gov/wps/portal/fsinternet/cs/projects/mantilasal/landmanagement/projects?archive=1&sortby=1,Archived,mantilasal
https://www.fs.usda.gov/wps/portal/fsinternet/cs/projects/uwcnf/landmanagement/projects?archive=1&sortby=1,Archived,uwcnf
https://www.fs.usda.gov/wps/portal/fsinternet/cs/projects/greenmountain/landmanagement/projects?archive=1&sortby=1,Archived,greenmountain
https://www.fs.usda.gov/wps/portal/fsinternet/cs/projects/gwj/landmanagement/projects?archive=1&sortby=1,Archived,gwj
https://www.fs.usda.gov/wps/portal/fsinternet/cs/projects/colville/landmanagement/projects?archive=1&sortby=1,Archived,colville
https://www.fs.usda.gov/wps/portal/fsinternet/cs/projects/giffordpinchot/landmanagement/projects?archive=1&sortby=1,Archived,giffordpinchot
https://www.fs.usda.gov/wps/portal/fsinternet/cs/projects/mbs/landmanagement/projects?archive=1&sortby=1,Archived,mbs
https://www.fs.usda.gov/wps/portal/fsinternet/cs/projects/okawen/landmanagement/projects?archive=1&sortby=1,Archived,okawen
https://www.fs.usda.gov/wps/portal/fsinternet/cs/projects/olympic/landmanagement/projects?archive=1&sortby=1,Archived,olympic
https://www.fs.usda.gov/wps/portal/fsinternet/cs/projects/mnf/landmanagement/projects?archive=1&sortby=1,Archived,mnf
https://www.fs.usda.gov/wps/portal/fsinternet/cs/projects/cnnf/landmanagement/projects?archive=1&sortby=1,Archived,cnnf
https://www.fs.usda.gov/wps/portal/fsinternet/cs/projects/bighorn/landmanagement/projects?archive=1&sortby=1,Archived,bighorn
https://www.fs.usda.gov/wps/portal/fsinternet/cs/projects/btnf/landmanagement/projects?archive=1&sortby=1,Archived,btnf
https://www.fs.usda.gov/wps/portal/fsinternet/cs/projects/shoshone/landmanagement/projects?archive=1&sortby=1,Archived,shoshone
https://www.fs.usda.gov/wps/portal/fsinternet/cs/projects/ochoco/landmanagement/projects?archive=1&sortby=1,Archived,ochoco
https://www.fs.usda.gov/projects/alabama/landmanagement/projects,Current,alabama
https://www.fs.usda.gov/projects/chugach/landmanagement/projects,Current,chugach
https://www.fs.usda.gov/projects/tongass/landmanagement/projects,Current,tongass
https://www.fs.usda.gov/projects/asnf/landmanagement/projects,Current,asnf
https://www.fs.usda.gov/projects/coconino/landmanagement/projects,Current,coconino
https://www.fs.usda.gov/projects/coronado/landmanagement/projects,Current,coronado
https://www.fs.usda.gov/projects/kaibab/landmanagement/projects,Current,kaibab
https://www.fs.usda.gov/projects/prescott/landmanagement/projects,Current,prescott
https://www.fs.usda.gov/projects/tonto/landmanagement/projects,Current,tonto
https://www.fs.usda.gov/projects/ouachita/landmanagement/projects,Current,ouachita
https://www.fs.usda.gov/projects/osfnf/landmanagement/projects,Current,osfnf
https://www.fs.usda.gov/projects/angeles/landmanagement/projects,Current,angeles
https://www.fs.usda.gov/projects/cleveland/landmanagement/projects,Current,cleveland
https://www.fs.usda.gov/projects/eldorado/landmanagement/projects,Current,eldorado
https://www.fs.usda.gov/projects/inyo/landmanagement/projects,Current,inyo
https://www.fs.usda.gov/projects/klamath/landmanagement/projects,Current,klamath
https://www.fs.usda.gov/projects/ltbmu/landmanagement/projects,Current,ltbmu
https://www.fs.usda.gov/projects/lassen/landmanagement/projects,Current,lassen
https://www.fs.usda.gov/projects/lpnf/landmanagement/projects,Current,lpnf
https://www.fs.usda.gov/projects/mendocino/landmanagement/projects,Current,mendocino
https://www.fs.usda.gov/projects/modoc/landmanagement/projects,Current,modoc
https://www.fs.usda.gov/projects/plumas/landmanagement/projects,Current,plumas
https://www.fs.usda.gov/projects/sbnf/landmanagement/projects,Current,sbnf
https://www.fs.usda.gov/projects/sequoia/landmanagement/projects,Current,sequoia
https://www.fs.usda.gov/projects/stnf/landmanagement/projects,Current,stnf
https://www.fs.usda.gov/projects/sierra/landmanagement/projects,Current,sierra
https://www.fs.usda.gov/projects/srnf/landmanagement/projects,Current,srnf
https://www.fs.usda.gov/projects/stanislaus/landmanagement/projects,Current,stanislaus
https://www.fs.usda.gov/projects/tahoe/landmanagement/projects,Current,tahoe
https://www.fs.usda.gov/projects/arp/landmanagement/projects,Current,arp
https://www.fs.usda.gov/projects/psicc/landmanagement/projects,Current,psicc
https://www.fs.usda.gov/projects/gmug/landmanagement/projects,Current,gmug
https://www.fs.usda.gov/projects/riogrande/landmanagement/projects,Current,riogrande
https://www.fs.usda.gov/projects/mbr/landmanagement/projects,Current,mbr
https://www.fs.usda.gov/projects/sanjuan/landmanagement/projects,Current,sanjuan
https://www.fs.usda.gov/projects/whiteriver/landmanagement/projects,Current,whiteriver
https://www.fs.usda.gov/projects/florida/landmanagement/projects,Current,florida
https://www.fs.usda.gov/projects/conf/landmanagement/projects,Current,conf
https://www.fs.usda.gov/projects/boise/landmanagement/projects,Current,boise
https://www.fs.usda.gov/projects/ctnf/landmanagement/projects,Current,ctnf
https://www.fs.usda.gov/projects/internetinvalidurl/landmanagement/projects,Current,internetinvalidurl
https://www.fs.usda.gov/projects/ipnf/landmanagement/projects,Current,ipnf
https://www.fs.usda.gov/projects/payette/landmanagement/projects,Current,payette
https://www.fs.usda.gov/projects/scnf/landmanagement/projects,Current,scnf
https://www.fs.usda.gov/projects/sawtooth/landmanagement/projects,Current,sawtooth
https://www.fs.usda.gov/projects/midewin/landmanagement/projects,Current,midewin
https://www.fs.usda.gov/projects/shawnee/landmanagement/projects,Current,shawnee
https://www.fs.usda.gov/projects/hoosier/landmanagement/projects,Current,hoosier
https://www.fs.usda.gov/projects/dbnf/landmanagement/projects,Current,dbnf
https://www.fs.usda.gov/projects/kisatchie/landmanagement/projects,Current,kisatchie
https://www.fs.usda.gov/projects/whitemountain/landmanagement/projects,Current,whitemountain
https://www.fs.usda.gov/projects/hiawatha/landmanagement/projects,Current,hiawatha
https://www.fs.usda.gov/projects/hmnf/landmanagement/projects,Current,hmnf
https://www.fs.usda.gov/projects/ottawa/landmanagement/projects,Current,ottawa
https://www.fs.usda.gov/projects/chippewa/landmanagement/projects,Current,chippewa
https://www.fs.usda.gov/projects/superior/landmanagement/projects,Current,superior
https://www.fs.usda.gov/projects/mississippi/landmanagement/projects,Current,mississippi
https://www.fs.usda.gov/projects/mtnf/landmanagement/projects,Current,mtnf
https://www.fs.usda.gov/projects/bdnf/landmanagement/projects,Current,bdnf
https://www.fs.usda.gov/projects/bitterroot/landmanagement/projects,Current,bitterroot
https://www.fs.usda.gov/projects/flathead/landmanagement/projects,Current,flathead
https://www.fs.usda.gov/projects/hlcnf/landmanagement/projects,Current,hlcnf
https://www.fs.usda.gov/projects/kootenai/landmanagement/projects,Current,kootenai
https://www.fs.usda.gov/projects/lolo/landmanagement/projects,Current,lolo
https://www.fs.usda.gov/projects/nebraska/landmanagement/projects,Current,nebraska
https://www.fs.usda.gov/projects/htnf/landmanagement/projects,Current,htnf
https://www.fs.usda.gov/projects/carson/landmanagement/projects,Current,carson
https://www.fs.usda.gov/projects/cibola/landmanagement/projects,Current,cibola
https://www.fs.usda.gov/projects/gila/landmanagement/projects,Current,gila
https://www.fs.usda.gov/projects/lincoln/landmanagement/projects,Current,lincoln
https://www.fs.usda.gov/projects/santafe/landmanagement/projects,Current,santafe
https://www.fs.usda.gov/projects/gmfl/landmanagement/projects,Current,gmfl
https://www.fs.usda.gov/projects/nfsnc/landmanagement/projects,Current,nfsnc
https://www.fs.usda.gov/projects/wayne/landmanagement/projects,Current,wayne
https://www.fs.usda.gov/projects/deschutes/landmanagement/projects,Current,deschutes
https://www.fs.usda.gov/projects/fremont-winema/landmanagement/projects,Current,fremont-winema
https://www.fs.usda.gov/projects/malheur/landmanagement/projects,Current,malheur
https://www.fs.usda.gov/projects/mthood/landmanagement/projects,Current,mthood
https://www.fs.usda.gov/projects/rogue-siskiyou/landmanagement/projects,Current,rogue-siskiyou
https://www.fs.usda.gov/projects/siuslaw/landmanagement/projects,Current,siuslaw
https://www.fs.usda.gov/projects/umatilla/landmanagement/projects,Current,umatilla
https://www.fs.usda.gov/projects/umpqua/landmanagement/projects,Current,umpqua
https://www.fs.usda.gov/projects/wallowa-whitman/landmanagement/projects,Current,wallowa-whitman
https://www.fs.usda.gov/projects/willamette/landmanagement/projects,Current,willamette
https://www.fs.usda.gov/projects/allegheny/landmanagement/projects,Current,allegheny
https://www.fs.usda.gov/projects/scnfs/landmanagement/projects,Current,scnfs
https://www.fs.usda.gov/projects/blackhills/landmanagement/projects,Current,blackhills
https://www.fs.usda.gov/projects/cherokee/landmanagement/projects,Current,cherokee
https://www.fs.usda.gov/projects/texas/landmanagement/projects,Current,texas
https://www.fs.usda.gov/projects/ashley/landmanagement/projects,Current,ashley
https://www.fs.usda.gov/projects/dixie/landmanagement/projects,Current,dixie
https://www.fs.usda.gov/projects/fishlake/landmanagement/projects,Current,fishlake
https://www.fs.usda.gov/projects/mantilasal/landmanagement/projects,Current,mantilasal
https://www.fs.usda.gov/projects/uwcnf/landmanagement/projects,Current,uwcnf
https://www.fs.usda.gov/projects/greenmountain/landmanagement/projects,Current,greenmountain
https://www.fs.usda.gov/projects/gwj/landmanagement/projects,Current,gwj
https://www.fs.usda.gov/projects/colville/landmanagement/projects,Current,colville
https://www.fs.usda.gov/projects/giffordpinchot/landmanagement/projects,Current,giffordpinchot
https://www.fs.usda.gov/projects/mbs/landmanagement/projects,Current,mbs
https://www.fs.usda.gov/projects/okawen/landmanagement/projects,Current,okawen
https://www.fs.usda.gov/projects/olympic/landmanagement/projects,Current,olympic
https://www.fs.usda.gov/projects/mnf/landmanagement/projects,Current,mnf
https://www.fs.usda.gov/projects/cnnf/landmanagement/projects,Current,cnnf
https://www.fs.usda.gov/projects/bighorn/landmanagement/projects,Current,bighorn
https://www.fs.usda.gov/projects/btnf/landmanagement/projects,Current,btnf
https://www.fs.usda.gov/projects/shoshone/landmanagement/projects,Current,shoshone
https://www.fs.usda.gov/projects/ochoco/landmanagement/projects,Current,ochoco
